Prevotella intermedia,RR197001
Prevotella melaninogenica,RR197001
Streptococcus equinus,RR197001
Streptococcus pneumoniae,RR197001
Streptococcus mitis,RR197001
Streptococcus oralis,RR197001
Streptococcus gordonii,RR197001
Streptococcus agalactiae,RR197001
Streptococcus suis,RR197001
Streptococcus sanguinis,RR197001
Streptococcus anginosus,RR197001
Streptococcus mutans,RR197001
Streptococcus equi,RR197001
Streptococcus pyogenes,RR197001
Haemophilus parainfluenzae,RR197001
Haemophilus influenzae,RR197001
Clostridioides difficile,RR197001
Clostridium perfringens,RR197001
Enterococcus faecium,RR197001
Enterococcus faecalis,RR197001
Porphyromonas gingivalis,RR197001
Aggregatibacter aphrophilus,RR197001
Escherichia coli,RR197001
Staphylococcus aureus,RR197001
Clostridium botulinum,RR197003
Clostridium perfringens,RR197003
Clostridium septicum,RR197003
Prevotella intermedia,RR197003
Prevotella melaninogenica,RR197003
Clostridioides difficile,RR197003
Streptococcus agalactiae,RR197003
Streptococcus suis,RR197003
Streptococcus pneumoniae,RR197003
Streptococcus anginosus,RR197003
Streptococcus equinus,RR197003
Streptococcus pyogenes,RR197003
Enterococcus faecium,RR197003
Enterococcus faecalis,RR197003
Paraclostridium bifermentans,RR197003
Escherichia coli,RR197003
Parvimonas micra,RR197003
Campylobacter jejuni,RR197003
[Haemophilus] ducreyi,RR197003
Klebsiella pneumoniae,RR197003
Finegoldia magna,RR197003
Salmonella enterica,RR197003
Staphylococcus aureus,RR197003
Prevotella intermedia,RR197004
Campylobacter jejuni,RR197004
Campylobacter coli,RR197004
Clostridium perfringens,RR197004
Clostridium botulinum,RR197004
Clostridium septicum,RR197004
Blastocystis hominis,RR197004
Clostridioides difficile,RR197004
Streptococcus suis,RR197004
Streptococcus agalactiae,RR197004
Streptococcus mitis,RR197004
Streptococcus sanguinis,RR197004
Streptococcus oralis,RR197004
Streptococcus equi,RR197004
Enterococcus faecium,RR197004
Enterococcus faecalis,RR197004
Haemophilus parainfluenzae,RR197004
Klebsiella pneumoniae,RR197004
Klebsiella oxytoca,RR197004
Klebsiella aerogenes,RR197004
Paraclostridium bifermentans,RR197004
Porphyromonas gingivalis,RR197004
Fusobacterium nucleatum,RR197004
Bacillus cereus,RR197004
Erysipelothrix rhusiopathiae,RR197004
Escherichia coli,RR197004
Staphylococcus aureus,RR197004
Salmonella enterica,RR197004
Escherichia coli,RR197005
Klebsiella pneumoniae,RR197005
Streptococcus equinus,RR197005
Streptococcus pneumoniae,RR197005
Streptococcus mitis,RR197005
Streptococcus oralis,RR197005
Streptococcus suis,RR197005
Streptococcus mutans,RR197005
Streptococcus agalactiae,RR197005
Streptococcus gordonii,RR197005
Streptococcus sanguinis,RR197005
Streptococcus pyogenes,RR197005
Enterococcus faecium,RR197005
Enterococcus gallinarum,RR197005
Enterococcus faecalis,RR197005
Salmonella enterica,RR197005
Shigella sonnei,RR197005
Candida albicans,RR197005
Campylobacter jejuni,RR197005
Pseudomonas aeruginosa,RR197005
Clostridioides difficile,RR197005
Enterococcus faecium,RR197006
Enterococcus faecalis,RR197006
Escherichia coli,RR197006
Enterocytozoon bieneusi,RR197006
Streptococcus gordonii,RR197006
Streptococcus oralis,RR197006
Streptococcus mitis,RR197006
Salmonella enterica,RR197006
Shigella sonnei,RR197006
Shigella dysenteriae,RR197006
Shigella flexneri,RR197006
Shigella boydii,RR197006
Prevotella intermedia,RR197006
Clostridioides difficile,RR197006
Rothia dentocariosa,RR197006
Klebsiella pneumoniae,RR197006
Citrobacter freundii,RR197006
Enterobacter cloacae,RR197006
Finegoldia magna,RR197006
Abiotrophia defectiva,RR197006
Prevotella intermedia,RR197007
Prevotella melaninogenica,RR197007
Clostridioides difficile,RR197007
Clostridium botulinum,RR197007
Clostridium perfringens,RR197007
Streptococcus suis,RR197007
Streptococcus pneumoniae,RR197007
Streptococcus agalactiae,RR197007
Streptococcus gordonii,RR197007
Streptococcus equinus,RR197007
Streptococcus oralis,RR197007
Streptococcus pyogenes,RR197007
Campylobacter jejuni,RR197007
Enterococcus faecium,RR197007
Enterococcus faecalis,RR197007
Paraclostridium bifermentans,RR197007
Parvimonas micra,RR197007
Pseudomonas aeruginosa,RR197007
Prevotella intermedia,RR197010
Clostridium perfringens,RR197010
Clostridium botulinum,RR197010
Escherichia coli,RR197010
Streptococcus suis,RR197010
Streptococcus equinus,RR197010
Streptococcus pneumoniae,RR197010
Streptococcus mitis,RR197010
Streptococcus gordonii,RR197010
Streptococcus oralis,RR197010
Streptococcus sanguinis,RR197010
Streptococcus agalactiae,RR197010
Streptococcus anginosus,RR197010
Streptococcus equi,RR197010
Clostridioides difficile,RR197010
Haemophilus parainfluenzae,RR197010
Klebsiella pneumoniae,RR197010
Enterococcus faecium,RR197010
Enterococcus faecalis,RR197010
Paraclostridium bifermentans,RR197010
Enterobacter cloacae,RR197010
Salmonella enterica,RR197010
Shigella flexneri,RR197010
Shigella boydii,RR197010
Shigella dysenteriae,RR197010
Citrobacter freundii,RR197010
Campylobacter coli,RR197010
Parvimonas micra,RR197010
Staphylococcus aureus,RR197010
Escherichia coli,RR197011
Streptococcus equinus,RR197011
Streptococcus suis,RR197011
Streptococcus pneumoniae,RR197011
Streptococcus mitis,RR197011
Streptococcus oralis,RR197011
Streptococcus sanguinis,RR197011
Streptococcus agalactiae,RR197011
Streptococcus gordonii,RR197011
Streptococcus anginosus,RR197011
Streptococcus dysgalactiae,RR197011
Streptococcus equi,RR197011
Streptococcus mutans,RR197011
Prevotella intermedia,RR197011
Prevotella melaninogenica,RR197011
Clostridium perfringens,RR197011
Clostridium botulinum,RR197011
Campylobacter jejuni,RR197011
Campylobacter coli,RR197011
Shigella sonnei,RR197011
Shigella dysenteriae,RR197011
Shigella flexneri,RR197011
Shigella boydii,RR197011
Clostridioides difficile,RR197011
Salmonella enterica,RR197011
Haemophilus parainfluenzae,RR197011
Citrobacter freundii,RR197011
Enterococcus faecium,RR197011
Enterococcus faecalis,RR197011
Klebsiella pneumoniae,RR197011
Klebsiella aerogenes,RR197011
Fusobacterium nucleatum,RR197011
Gardnerella vaginalis,RR197011
Aggregatibacter aphrophilus,RR197011
Staphylococcus aureus,RR197011
Streptococcus gordonii,RR197012
Streptococcus sanguinis,RR197012
Streptococcus anginosus,RR197012
Streptococcus pneumoniae,RR197012
Streptococcus mutans,RR197012
Streptococcus suis,RR197012
Streptococcus oralis,RR197012
Streptococcus mitis,RR197012
Streptococcus equinus,RR197012
Streptococcus agalactiae,RR197012
Streptococcus sobrinus,RR197012
Streptococcus dysgalactiae,RR197012
Clostridium perfringens,RR197012
Clostridium botulinum,RR197012
Clostridium tetani,RR197012
Clostridioides difficile,RR197012
Haemophilus parainfluenzae,RR197012
Paraclostridium bifermentans,RR197012
Prevotella intermedia,RR197012
Prevotella bivia,RR197012
Enterococcus faecium,RR197012
Enterococcus faecalis,RR197012
Rothia dentocariosa,RR197012
Erysipelothrix rhusiopathiae,RR197012
Campylobacter coli,RR197012
Campylobacter jejuni,RR197012
Finegoldia magna,RR197012
Aggregatibacter aphrophilus,RR197012
Serratia marcescens,RR197012
Escherichia coli,RR197012
Staphylococcus aureus,RR197012
Klebsiella pneumoniae,RR197012
Prevotella intermedia,RR197013
Prevotella melaninogenica,RR197013
Streptococcus suis,RR197013
Streptococcus equinus,RR197013
Streptococcus pneumoniae,RR197013
Streptococcus agalactiae,RR197013
Streptococcus mutans,RR197013
Streptococcus gordonii,RR197013
Streptococcus sanguinis,RR197013
Streptococcus oralis,RR197013
Streptococcus mitis,RR197013
Streptococcus pyogenes,RR197013
Clostridioides difficile,RR197013
Clostridium perfringens,RR197013
Clostridium botulinum,RR197013
Clostridium septicum,RR197013
Campylobacter jejuni,RR197013
Escherichia coli,RR197013
Haemophilus parainfluenzae,RR197013
Paraclostridium bifermentans,RR197013
Enterococcus faecium,RR197013
Enterococcus faecalis,RR197013
Enterobacter cloacae,RR197013
Bacillus cereus,RR197013
Erysipelothrix rhusiopathiae,RR197013
Shigella flexneri,RR197013
Shigella dysenteriae,RR197013
Staphylococcus aureus,RR197013
Pseudomonas aeruginosa,RR197013
Klebsiella pneumoniae,RR197014
Streptococcus anginosus,RR197014
Streptococcus equinus,RR197014
Streptococcus pneumoniae,RR197014
Streptococcus agalactiae,RR197014
Streptococcus suis,RR197014
Streptococcus oralis,RR197014
Streptococcus dysgalactiae,RR197014
Streptococcus mutans,RR197014
Streptococcus pyogenes,RR197014
Streptococcus mitis,RR197014
Enterococcus faecium,RR197014
Enterococcus avium,RR197014
Enterococcus faecalis,RR197014
Citrobacter freundii,RR197014
Prevotella melaninogenica,RR197014
Prevotella intermedia,RR197014
Morganella morganii,RR197014
Staphylococcus aureus,RR197014
Corynebacterium striatum,RR197014
Salmonella enterica,RR197014
Clostridioides difficile,RR197014
Escherichia coli,RR197014
Prevotella intermedia,RR197015
Prevotella melaninogenica,RR197015
Streptococcus pneumoniae,RR197015
Streptococcus suis,RR197015
Streptococcus gordonii,RR197015
Streptococcus agalactiae,RR197015
Streptococcus mitis,RR197015
Streptococcus oralis,RR197015
Streptococcus sanguinis,RR197015
Streptococcus mutans,RR197015
Streptococcus equinus,RR197015
Streptococcus pyogenes,RR197015
Clostridium perfringens,RR197015
Clostridium botulinum,RR197015
Haemophilus parainfluenzae,RR197015
Clostridioides difficile,RR197015
Enterococcus faecium,RR197015
Enterococcus faecalis,RR197015
Paraclostridium bifermentans,RR197015
Porphyromonas gingivalis,RR197015
Klebsiella pneumoniae,RR197015
Escherichia coli,RR197015
Staphylococcus aureus,RR197015
Escherichia coli,RR197016
Candida albicans,RR197016
Streptococcus mitis,RR197016
Streptococcus pneumoniae,RR197016
Streptococcus oralis,RR197016
Streptococcus equinus,RR197016
Streptococcus sanguinis,RR197016
Klebsiella pneumoniae,RR197016
Klebsiella oxytoca,RR197016
Enterobacter cloacae,RR197016
Human betaherpesvirus 5,RR197016
Aeromonas caviae,RR197016
Citrobacter freundii,RR197016
Salmonella enterica,RR197016
Acinetobacter baumannii,RR197016
Staphylococcus haemolyticus,RR197016
Prevotella intermedia,RR197017
Prevotella melaninogenica,RR197017
Streptococcus suis,RR197017
Streptococcus anginosus,RR197017
Streptococcus mitis,RR197017
Streptococcus equi,RR197017
Streptococcus oralis,RR197017
Streptococcus pyogenes,RR197017
Clostridium botulinum,RR197017
Clostridium perfringens,RR197017
Clostridioides difficile,RR197017
Enterococcus faecium,RR197017
Enterococcus faecalis,RR197017
Parvimonas micra,RR197017
Tannerella forsythia,RR197017
Listeria monocytogenes,RR197017
Escherichia coli,RR197017
Salmonella enterica,RR197017
Prevotella intermedia,RR197018
Clostridium botulinum,RR197018
Clostridium perfringens,RR197018
Streptococcus gordonii,RR197018
Streptococcus suis,RR197018
Streptococcus mitis,RR197018
Streptococcus sanguinis,RR197018
Streptococcus oralis,RR197018
Haemophilus parainfluenzae,RR197018
Haemophilus influenzae,RR197018
Clostridioides difficile,RR197018
Escherichia coli,RR197018
Porphyromonas gingivalis,RR197018
Bacillus cereus,RR197018
Fusobacterium nucleatum,RR197018
Enterococcus faecium,RR197018
Enterococcus faecalis,RR197018
Campylobacter coli,RR197018
Campylobacter jejuni,RR197018
Salmonella enterica,RR197018
Klebsiella pneumoniae,RR197018
Finegoldia magna,RR197018
Enterococcus avium,RR197020
Enterococcus gallinarum,RR197020
Enterococcus faecium,RR197020
Streptococcus suis,RR197020
Escherichia coli,RR197020
Clostridioides difficile,RR197020
Morganella morganii,RR197020
Campylobacter jejuni,RR197020
Klebsiella pneumoniae,RR197020
Shigella flexneri,RR197020
Salmonella enterica,RR197020
Escherichia coli,RR197021
Streptococcus mitis,RR197021
Salmonella enterica,RR197021
Shigella dysenteriae,RR197021
Enterococcus faecium,RR197021
Klebsiella pneumoniae,RR197021
Klebsiella pneumoniae,RR197022
Klebsiella oxytoca,RR197022
Enterococcus faecium,RR197022
Enterococcus faecalis,RR197022
Enterococcus gallinarum,RR197022
Escherichia coli,RR197022
Salmonella enterica,RR197022
Enterobacter cloacae,RR197022
Citrobacter freundii,RR197022
Shigella sonnei,RR197022
Shigella dysenteriae,RR197022
Shigella flexneri,RR197022
Shigella boydii,RR197022
Streptococcus pneumoniae,RR197022
Streptococcus agalactiae,RR197022
Streptococcus mitis,RR197022
Streptococcus pyogenes,RR197022
Staphylococcus pseudintermedius,RR197022
Staphylococcus aureus,RR197022
Staphylococcus haemolyticus,RR197022
Staphylococcus epidermidis,RR197022
Streptococcus equinus,RR197023
Streptococcus suis,RR197023
Streptococcus mitis,RR197023
Streptococcus agalactiae,RR197023
Streptococcus dysgalactiae,RR197023
Streptococcus equi,RR197023
Streptococcus pyogenes,RR197023
Streptococcus oralis,RR197023
Streptococcus mutans,RR197023
Streptococcus anginosus,RR197023
Enterococcus faecium,RR197023
Enterococcus gallinarum,RR197023
Clostridioides difficile,RR197023
Clostridium perfringens,RR197023
Clostridium botulinum,RR197023
Clostridium septicum,RR197023
Escherichia coli,RR197023
Pseudomonas putida,RR197023
Escherichia coli,RR197024
Streptococcus equinus,RR197024
Streptococcus suis,RR197024
Streptococcus agalactiae,RR197024
Streptococcus dysgalactiae,RR197024
Streptococcus equi,RR197024
Streptococcus mitis,RR197024
Streptococcus oralis,RR197024
Streptococcus mutans,RR197024
Streptococcus pyogenes,RR197024
Clostridium perfringens,RR197024
Clostridium botulinum,RR197024
Shigella sonnei,RR197024
Shigella dysenteriae,RR197024
Shigella boydii,RR197024
Shigella flexneri,RR197024
Salmonella enterica,RR197024
Clostridioides difficile,RR197024
Enterococcus faecium,RR197024
Enterococcus faecalis,RR197024
Prevotella melaninogenica,RR197024
Citrobacter freundii,RR197024
Campylobacter jejuni,RR197024
Campylobacter coli,RR197024
Klebsiella pneumoniae,RR197024
Staphylococcus aureus,RR197024
Prevotella intermedia,RR197025
Enterococcus faecalis,RR197025
Enterococcus faecium,RR197025
Clostridium perfringens,RR197025
Clostridium botulinum,RR197025
Clostridium septicum,RR197025
Clostridium tetani,RR197025
Clostridioides difficile,RR197025
Streptococcus agalactiae,RR197025
Streptococcus suis,RR197025
Fusobacterium nucleatum,RR197025
Paraclostridium bifermentans,RR197025
Parvimonas micra,RR197025
Escherichia coli,RR197025
Porphyromonas gingivalis,RR197025
Escherichia coli,RR197026
Prevotella intermedia,RR197026
Clostridium perfringens,RR197026
Clostridium botulinum,RR197026
Clostridium tetani,RR197026
Clostridioides difficile,RR197026
Streptococcus suis,RR197026
Streptococcus agalactiae,RR197026
Streptococcus pneumoniae,RR197026
Streptococcus gordonii,RR197026
Streptococcus equinus,RR197026
Streptococcus mitis,RR197026
Campylobacter coli,RR197026
Shigella sonnei,RR197026
Shigella flexneri,RR197026
Shigella dysenteriae,RR197026
Shigella boydii,RR197026
Porphyromonas gingivalis,RR197026
Enterococcus faecium,RR197026
Enterococcus faecalis,RR197026
Salmonella enterica,RR197026
Paraclostridium bifermentans,RR197026
Erysipelothrix rhusiopathiae,RR197026
Tannerella forsythia,RR197026
Listeria monocytogenes,RR197026
Haemophilus parainfluenzae,RR197026
Finegoldia magna,RR197026
Pseudomonas aeruginosa,RR197026
Klebsiella pneumoniae,RR197026
Prevotella intermedia,RR197027
Streptococcus pneumoniae,RR197027
Streptococcus mitis,RR197027
Streptococcus equinus,RR197027
Streptococcus oralis,RR197027
Streptococcus suis,RR197027
Streptococcus sanguinis,RR197027
Streptococcus agalactiae,RR197027
Streptococcus gordonii,RR197027
Streptococcus anginosus,RR197027
Streptococcus equi,RR197027
Streptococcus dysgalactiae,RR197027
Streptococcus sobrinus,RR197027
Streptococcus mutans,RR197027
Enterococcus gallinarum,RR197027
Enterococcus avium,RR197027
Enterococcus faecium,RR197027
Enterococcus faecalis,RR197027
Escherichia coli,RR197027
Enterobacter cloacae,RR197027
Citrobacter freundii,RR197027
Klebsiella pneumoniae,RR197027
Clostridioides difficile,RR197027
Salmonella enterica,RR197027
Candida albicans,RR197027
Campylobacter jejuni,RR197027
Shigella flexneri,RR197027
Shigella sonnei,RR197027
Haemophilus parainfluenzae,RR197027
Staphylococcus pseudintermedius,RR197027
Escherichia coli,RR197028
Clostridium botulinum,RR197028
Clostridium perfringens,RR197028
Clostridium septicum,RR197028
Klebsiella pneumoniae,RR197028
Klebsiella aerogenes,RR197028
Klebsiella oxytoca,RR197028
Shigella flexneri,RR197028
Shigella sonnei,RR197028
Shigella dysenteriae,RR197028
Shigella boydii,RR197028
Salmonella enterica,RR197028
Enterococcus faecium,RR197028
Enterococcus faecalis,RR197028
Citrobacter freundii,RR197028
Clostridioides difficile,RR197028
Enterobacter cloacae,RR197028
Candida albicans,RR197028
Streptococcus oralis,RR197028
Streptococcus pneumoniae,RR197028
Streptococcus mitis,RR197028
Streptococcus gordonii,RR197028
Streptococcus suis,RR197028
Paraclostridium bifermentans,RR197028
Pseudomonas aeruginosa,RR197028
Staphylococcus aureus,RR197028
Prevotella intermedia,RR197029
Prevotella melaninogenica,RR197029
Clostridium perfringens,RR197029
Clostridium botulinum,RR197029
Clostridium tetani,RR197029
Campylobacter jejuni,RR197029
Clostridioides difficile,RR197029
Enterococcus faecalis,RR197029
Enterococcus faecium,RR197029
Streptococcus suis,RR197029
Streptococcus oralis,RR197029
Streptococcus mitis,RR197029
Streptococcus equi,RR197029
Fusobacterium nucleatum,RR197029
Paraclostridium bifermentans,RR197029
Bacillus cereus,RR197029
Aeromonas hydrophila,RR197029
Haemophilus influenzae,RR197029
Acinetobacter baumannii,RR197029
Finegoldia magna,RR197029
Escherichia coli,RR197029
Klebsiella pneumoniae,RR197029
Prevotella intermedia,RR197030
Clostridium perfringens,RR197030
Clostridium botulinum,RR197030
Clostridium septicum,RR197030
Clostridioides difficile,RR197030
Streptococcus suis,RR197030
Streptococcus agalactiae,RR197030
Streptococcus equinus,RR197030
Streptococcus oralis,RR197030
Streptococcus pyogenes,RR197030
Enterococcus faecium,RR197030
Enterococcus faecalis,RR197030
Paraclostridium bifermentans,RR197030
Bacillus cereus,RR197030
Bacillus licheniformis,RR197030
Porphyromonas gingivalis,RR197030
Campylobacter coli,RR197030
Campylobacter jejuni,RR197030
Erysipelothrix rhusiopathiae,RR197030
Staphylococcus aureus,RR197030
Escherichia coli,RR197030
Klebsiella pneumoniae,RR197030
Salmonella enterica,RR197030
Klebsiella pneumoniae,RR197032
Klebsiella oxytoca,RR197032
Escherichia coli,RR197032
Enterobacter cloacae,RR197032
Shigella sonnei,RR197032
Shigella dysenteriae,RR197032
Shigella flexneri,RR197032
Stenotrophomonas maltophilia,RR197032
Prevotella intermedia,RR197033
Prevotella melaninogenica,RR197033
Clostridium botulinum,RR197033
Clostridium perfringens,RR197033
Klebsiella pneumoniae,RR197033
Streptococcus suis,RR197033
Orf virus,RR197033
Escherichia coli,RR197033
Haemophilus parainfluenzae,RR197033
Enterobacter cloacae,RR197033
Clostridioides difficile,RR197033
Enterococcus faecium,RR197033
Citrobacter freundii,RR197033
Tannerella forsythia,RR197033
Porphyromonas gingivalis,RR197033
Shigella sonnei,RR197033
Shigella flexneri,RR197033
Shigella dysenteriae,RR197033
Clostridioides difficile,RR197034
Clostridium perfringens,RR197034
Elizabethkingia anophelis,RR197034
Tannerella forsythia,RR197034
Enterococcus faecium,RR197034
Haemophilus parainfluenzae,RR197034
Streptococcus suis,RR197034
Streptococcus agalactiae,RR197034
Porphyromonas gingivalis,RR197034
Escherichia coli,RR197034
Escherichia coli,RR197035
Streptococcus pneumoniae,RR197035
Streptococcus sanguinis,RR197035
Streptococcus equinus,RR197035
Streptococcus oralis,RR197035
Streptococcus mitis,RR197035
Streptococcus agalactiae,RR197035
Streptococcus gordonii,RR197035
Streptococcus anginosus,RR197035
Haemophilus parainfluenzae,RR197035
Haemophilus influenzae,RR197035
Providencia alcalifaciens,RR197035
Providencia rettgeri,RR197035
Clostridioides difficile,RR197035
Enterobacter cloacae,RR197035
Salmonella enterica,RR197035
Shigella sonnei,RR197035
Shigella boydii,RR197035
Shigella dysenteriae,RR197035
Shigella flexneri,RR197035
Enterococcus faecium,RR197035
Aggregatibacter aphrophilus,RR197035
Klebsiella pneumoniae,RR197035
Giardia intestinalis,RR197036
Escherichia coli,RR197036
Prevotella intermedia,RR197036
Prevotella melaninogenica,RR197036
Haemophilus parainfluenzae,RR197036
Haemophilus influenzae,RR197036
Enterococcus faecium,RR197036
Clostridioides difficile,RR197036
Streptococcus oralis,RR197036
Streptococcus agalactiae,RR197036
Fusobacterium nucleatum,RR197036
Porphyromonas gingivalis,RR197036
Shigella sonnei,RR197036
Shigella boydii,RR197036
Shigella flexneri,RR197036
Tannerella forsythia,RR197036
Aggregatibacter aphrophilus,RR197036
Klebsiella pneumoniae,RR197036
Enterococcus faecium,RR197037
Enterococcus faecalis,RR197037
Enterococcus gallinarum,RR197037
Enterococcus avium,RR197037
Clostridium perfringens,RR197037
Clostridium botulinum,RR197037
Clostridium septicum,RR197037
Prevotella intermedia,RR197037
Clostridioides difficile,RR197037
Porphyromonas gingivalis,RR197037
Listeria monocytogenes,RR197037
Streptococcus suis,RR197037
Streptococcus pneumoniae,RR197037
Streptococcus agalactiae,RR197037
Streptococcus pyogenes,RR197037
Klebsiella pneumoniae,RR197037
Paraclostridium bifermentans,RR197037
Escherichia coli,RR197037
Finegoldia magna,RR197037
Bacillus cereus,RR197037
Pseudomonas putida,RR197037
Pseudomonas aeruginosa,RR197037
Erysipelothrix rhusiopathiae,RR197037
Campylobacter jejuni,RR197037
Acinetobacter baumannii,RR197037
Staphylococcus aureus,RR197037
Salmonella enterica,RR197037
Prevotella intermedia,RR197038
Prevotella melaninogenica,RR197038
Clostridium perfringens,RR197038
Clostridium septicum,RR197038
Clostridium botulinum,RR197038
Clostridium tetani,RR197038
Enterococcus faecium,RR197038
Enterococcus faecalis,RR197038
Clostridioides difficile,RR197038
Campylobacter jejuni,RR197038
Tannerella forsythia,RR197038
Streptococcus suis,RR197038
Streptococcus equi,RR197038
Streptococcus agalactiae,RR197038
Paraclostridium bifermentans,RR197038
Porphyromonas gingivalis,RR197038
Bacillus cereus,RR197038
Parvimonas micra,RR197038
Erysipelothrix rhusiopathiae,RR197038
Prevotella melaninogenica,RR197039
Prevotella intermedia,RR197039
Clostridium perfringens,RR197039
Clostridium botulinum,RR197039
Streptococcus equinus,RR197039
Streptococcus anginosus,RR197039
Streptococcus agalactiae,RR197039
Streptococcus suis,RR197039
Streptococcus mutans,RR197039
Streptococcus gordonii,RR197039
Streptococcus sanguinis,RR197039
Streptococcus pyogenes,RR197039
Streptococcus oralis,RR197039
Streptococcus dysgalactiae,RR197039
Streptococcus equi,RR197039
Clostridioides difficile,RR197039
Porphyromonas gingivalis,RR197039
Enterococcus faecium,RR197039
Escherichia coli,RR197039
Enterococcus faecium,RR197041
Enterococcus faecalis,RR197041
Enterococcus gallinarum,RR197041
Escherichia coli,RR197041
Klebsiella pneumoniae,RR197041
Klebsiella oxytoca,RR197041
Salmonella enterica,RR197041
Shigella sonnei,RR197041
Shigella flexneri,RR197041
Streptococcus pneumoniae,RR197041
Human polyomavirus 4,RR197041
Listeria monocytogenes,RR197041
Clostridioides difficile,RR197041
Enterobacter cloacae,RR197041
Staphylococcus aureus,RR197041
Klebsiella pneumoniae,RR197042
Klebsiella aerogenes,RR197042
Klebsiella oxytoca,RR197042
Clostridium botulinum,RR197042
Citrobacter freundii,RR197042
Escherichia coli,RR197042
Streptococcus pneumoniae,RR197042
Streptococcus pyogenes,RR197042
Streptococcus oralis,RR197042
Streptococcus gordonii,RR197042
Streptococcus sanguinis,RR197042
Streptococcus anginosus,RR197042
Enterococcus faecium,RR197042
Enterococcus gallinarum,RR197042
Enterococcus faecalis,RR197042
Enterococcus avium,RR197042
Clostridioides difficile,RR197042
Salmonella enterica,RR197042
Shigella dysenteriae,RR197042
Shigella flexneri,RR197042
Enterobacter cloacae,RR197042
Serratia marcescens,RR197042
Staphylococcus aureus,RR197042
Pseudomonas aeruginosa,RR197042
Finegoldia magna,RR197042
Streptococcus gordonii,RR197043
Streptococcus pneumoniae,RR197043
Streptococcus equinus,RR197043
Streptococcus oralis,RR197043
Streptococcus mitis,RR197043
Streptococcus sanguinis,RR197043
Streptococcus agalactiae,RR197043
Streptococcus suis,RR197043
Streptococcus mutans,RR197043
Streptococcus anginosus,RR197043
Streptococcus sobrinus,RR197043
Streptococcus pyogenes,RR197043
Streptococcus dysgalactiae,RR197043
Streptococcus equi,RR197043
Prevotella intermedia,RR197043
Escherichia coli,RR197043
Clostridium perfringens,RR197043
Clostridioides difficile,RR197043
Enterococcus faecium,RR197043
Enterococcus faecalis,RR197043
Campylobacter jejuni,RR197043
Campylobacter coli,RR197043
Abiotrophia defectiva,RR197043
Haemophilus parainfluenzae,RR197043
Listeria monocytogenes,RR197043
Shigella sonnei,RR197043
Shigella flexneri,RR197043
Staphylococcus aureus,RR197043
Corynebacterium striatum,RR197043
Salmonella enterica,RR197043
Klebsiella pneumoniae,RR197043
Acinetobacter baumannii,RR197043
Escherichia coli,RR197044
Klebsiella pneumoniae,RR197044
Klebsiella aerogenes,RR197044
Klebsiella oxytoca,RR197044
Enterococcus faecium,RR197044
Enterococcus avium,RR197044
Enterococcus faecalis,RR197044
Salmonella enterica,RR197044
Shigella sonnei,RR197044
Shigella dysenteriae,RR197044
Clostridioides difficile,RR197044
Streptococcus pneumoniae,RR197044
Staphylococcus aureus,RR197044
Prevotella intermedia,RR197045
Streptococcus mutans,RR197045
Streptococcus oralis,RR197045
Streptococcus pneumoniae,RR197045
Streptococcus sanguinis,RR197045
Streptococcus gordonii,RR197045
Streptococcus suis,RR197045
Streptococcus mitis,RR197045
Streptococcus equinus,RR197045
Streptococcus agalactiae,RR197045
Streptococcus anginosus,RR197045
Streptococcus pyogenes,RR197045
Haemophilus parainfluenzae,RR197045
Haemophilus influenzae,RR197045
Clostridioides difficile,RR197045
Clostridium botulinum,RR197045
Clostridium perfringens,RR197045
Enterococcus faecium,RR197045
Enterococcus faecalis,RR197045
Porphyromonas gingivalis,RR197045
Aggregatibacter aphrophilus,RR197045
Pasteurella multocida,RR197045
Escherichia coli,RR197045
Pseudomonas aeruginosa,RR197045
Campylobacter jejuni,RR197045
Campylobacter coli,RR197045
Fusobacterium necrophorum,RR197045
Salmonella enterica,RR197045
Finegoldia magna,RR197045
Staphylococcus aureus,RR197045
Enterococcus faecalis,RR197046
Enterococcus faecium,RR197046
Enterococcus avium,RR197046
Prevotella intermedia,RR197046
Prevotella melaninogenica,RR197046
Streptococcus equinus,RR197046
Streptococcus mutans,RR197046
Streptococcus pneumoniae,RR197046
Streptococcus agalactiae,RR197046
Streptococcus suis,RR197046
Streptococcus equi,RR197046
Streptococcus pyogenes,RR197046
Streptococcus mitis,RR197046
Streptococcus anginosus,RR197046
Streptococcus oralis,RR197046
Candida tropicalis,RR197046
Candida albicans,RR197046
Human mastadenovirus D,RR197046
Clostridium perfringens,RR197046
Clostridium botulinum,RR197046
Clostridioides difficile,RR197046
Haemophilus parainfluenzae,RR197046
[Candida] glabrata,RR197046
Pichia kudriavzevii,RR197046
Finegoldia magna,RR197046
Staphylococcus aureus,RR197046
Porphyromonas gingivalis,RR197046
Listeria monocytogenes,RR197046
Paraclostridium bifermentans,RR197046
Escherichia coli,RR197046
Klebsiella pneumoniae,RR197046
Prevotella melaninogenica,RR197047
Clostridium perfringens,RR197047
Clostridium botulinum,RR197047
Clostridium tetani,RR197047
Clostridioides difficile,RR197047
Haemophilus parainfluenzae,RR197047
Haemophilus influenzae,RR197047
Streptococcus suis,RR197047
Streptococcus mitis,RR197047
Streptococcus pyogenes,RR197047
Streptococcus equinus,RR197047
Streptococcus agalactiae,RR197047
Streptococcus anginosus,RR197047
Streptococcus sanguinis,RR197047
Streptococcus equi,RR197047
Streptococcus mutans,RR197047
Enterococcus faecium,RR197047
Enterococcus faecalis,RR197047
Paraclostridium bifermentans,RR197047
Bacillus cereus,RR197047
Listeria monocytogenes,RR197047
Campylobacter coli,RR197047
Staphylococcus aureus,RR197047
Klebsiella pneumoniae,RR197047
Escherichia coli,RR197047
Salmonella enterica,RR197047
Escherichia coli,RR197048
Enterococcus faecium,RR197048
Enterococcus avium,RR197048
Enterococcus gallinarum,RR197048
Enterococcus faecalis,RR197048
Klebsiella pneumoniae,RR197048
Streptococcus equinus,RR197048
Streptococcus gordonii,RR197048
Streptococcus pneumoniae,RR197048
Streptococcus pyogenes,RR197048
Streptococcus suis,RR197048
Streptococcus oralis,RR197048
Streptococcus agalactiae,RR197048
Streptococcus mitis,RR197048
Streptococcus sanguinis,RR197048
Streptococcus mutans,RR197048
Streptococcus anginosus,RR197048
Streptococcus equi,RR197048
Salmonella enterica,RR197048
Shigella sonnei,RR197048
Shigella dysenteriae,RR197048
Shigella flexneri,RR197048
Shigella boydii,RR197048
Candida albicans,RR197048
Clostridioides difficile,RR197048
Citrobacter freundii,RR197048
Yersinia pestis,RR197048
Listeria monocytogenes,RR197048
Campylobacter jejuni,RR197048
Staphylococcus aureus,RR197048
Escherichia coli,RR197049
Prevotella intermedia,RR197049
Prevotella melaninogenica,RR197049
Clostridioides difficile,RR197049
Clostridium perfringens,RR197049
Clostridium botulinum,RR197049
Streptococcus suis,RR197049
Streptococcus equinus,RR197049
Streptococcus pneumoniae,RR197049
Streptococcus agalactiae,RR197049
Streptococcus oralis,RR197049
Streptococcus equi,RR197049
Enterococcus faecium,RR197049
Enterococcus faecalis,RR197049
Salmonella enterica,RR197049
Shigella sonnei,RR197049
Shigella boydii,RR197049
Shigella dysenteriae,RR197049
Shigella flexneri,RR197049
Campylobacter jejuni,RR197049
Klebsiella pneumoniae,RR197049
Acinetobacter baumannii,RR197049
Staphylococcus aureus,RR197049
Streptococcus equinus,RR197050
Streptococcus dysgalactiae,RR197050
Streptococcus sanguinis,RR197050
Enterococcus faecium,RR197050
Enterococcus faecalis,RR197050
Prevotella intermedia,RR197051
Clostridium perfringens,RR197051
Clostridium botulinum,RR197051
Streptococcus pneumoniae,RR197051
Streptococcus pyogenes,RR197051
Streptococcus suis,RR197051
Streptococcus oralis,RR197051
Streptococcus mutans,RR197051
Streptococcus sanguinis,RR197051
Streptococcus equinus,RR197051
Streptococcus mitis,RR197051
Streptococcus agalactiae,RR197051
Streptococcus equi,RR197051
Haemophilus parainfluenzae,RR197051
Haemophilus influenzae,RR197051
Clostridioides difficile,RR197051
Porphyromonas gingivalis,RR197051
Bacillus cereus,RR197051
Rhizopus oryzae,RR197051
Enterococcus faecalis,RR197051
Enterococcus faecium,RR197051
Listeria monocytogenes,RR197051
Tannerella forsythia,RR197051
Klebsiella pneumoniae,RR197051
Escherichia coli,RR197051
Prevotella intermedia,RR197052
Prevotella melaninogenica,RR197052
Streptococcus suis,RR197052
Streptococcus sanguinis,RR197052
Streptococcus mutans,RR197052
Streptococcus gordonii,RR197052
Streptococcus equi,RR197052
Streptococcus agalactiae,RR197052
Streptococcus equinus,RR197052
Streptococcus sobrinus,RR197052
Streptococcus pyogenes,RR197052
Clostridium botulinum,RR197052
Clostridium perfringens,RR197052
Clostridioides difficile,RR197052
Enterococcus faecium,RR197052
Enterococcus faecalis,RR197052
Campylobacter coli,RR197052
Escherichia coli,RR197052
Porphyromonas gingivalis,RR197052
Paraclostridium bifermentans,RR197052
Shigella flexneri,RR197052
Staphylococcus aureus,RR197052
Pseudomonas aeruginosa,RR197052
Salmonella enterica,RR197052
Escherichia coli,RR197053
Enterococcus faecium,RR197053
Enterococcus avium,RR197053
Enterococcus faecalis,RR197053
Enterococcus gallinarum,RR197053
Klebsiella pneumoniae,RR197053
Klebsiella aerogenes,RR197053
Klebsiella oxytoca,RR197053
Streptococcus pneumoniae,RR197053
Streptococcus equinus,RR197053
Streptococcus suis,RR197053
Streptococcus gordonii,RR197053
Streptococcus oralis,RR197053
Streptococcus mitis,RR197053
Streptococcus sanguinis,RR197053
Streptococcus agalactiae,RR197053
Streptococcus mutans,RR197053
Streptococcus pyogenes,RR197053
Streptococcus sobrinus,RR197053
Streptococcus anginosus,RR197053
Streptococcus equi,RR197053
Streptococcus dysgalactiae,RR197053
Candida albicans,RR197053
Staphylococcus aureus,RR197053
Morganella morganii,RR197053
Salmonella enterica,RR197053
Shigella flexneri,RR197053
Shigella sonnei,RR197053
Shigella dysenteriae,RR197053
Shigella boydii,RR197053
Clostridium botulinum,RR197053
Pseudomonas aeruginosa,RR197053
Clostridioides difficile,RR197053
Citrobacter freundii,RR197053
Peptostreptococcus anaerobius,RR197053
Finegoldia magna,RR197053
Campylobacter jejuni,RR197053
Enterococcus faecium,RR197054
Enterococcus faecalis,RR197054
Enterococcus avium,RR197054
Candida albicans,RR197054
Candida dubliniensis,RR197054
Prevotella intermedia,RR197054
Prevotella melaninogenica,RR197054
Klebsiella pneumoniae,RR197054
Streptococcus mutans,RR197054
Streptococcus agalactiae,RR197054
Clostridioides difficile,RR197054
Escherichia coli,RR197054
Staphylococcus aureus,RR197054
Salmonella enterica,RR197054
Escherichia coli,RR197055
Streptococcus gordonii,RR197055
Streptococcus equinus,RR197055
Streptococcus agalactiae,RR197055
Streptococcus suis,RR197055
Streptococcus pneumoniae,RR197055
Streptococcus sanguinis,RR197055
Streptococcus oralis,RR197055
Streptococcus anginosus,RR197055
Streptococcus dysgalactiae,RR197055
Streptococcus mitis,RR197055
Streptococcus equi,RR197055
Streptococcus sobrinus,RR197055
Streptococcus pyogenes,RR197055
Enterococcus faecalis,RR197055
Enterococcus faecium,RR197055
Enterococcus avium,RR197055
Prevotella intermedia,RR197055
Haemophilus parainfluenzae,RR197055
Haemophilus influenzae,RR197055
Klebsiella pneumoniae,RR197055
Salmonella enterica,RR197055
Clostridium perfringens,RR197055
Clostridium botulinum,RR197055
Shigella sonnei,RR197055
Shigella dysenteriae,RR197055
Shigella flexneri,RR197055
Shigella boydii,RR197055
Clostridioides difficile,RR197055
Listeria monocytogenes,RR197055
Paraclostridium bifermentans,RR197055
Pseudomonas aeruginosa,RR197055
Staphylococcus aureus,RR197055
Prevotella intermedia,RR197056
Prevotella melaninogenica,RR197056
Blastocystis hominis,RR197056
Trichomonas vaginalis,RR197056
Clostridium botulinum,RR197056
Clostridium perfringens,RR197056
Clostridioides difficile,RR197056
Haemophilus parainfluenzae,RR197056
Haemophilus influenzae,RR197056
Klebsiella pneumoniae,RR197056
Tannerella forsythia,RR197056
Erysipelothrix rhusiopathiae,RR197056
Fusobacterium nucleatum,RR197056
Escherichia coli,RR197056
Prevotella intermedia,RR197057
Prevotella melaninogenica,RR197057
Escherichia coli,RR197057
Enterococcus faecium,RR197057
Enterococcus avium,RR197057
Enterococcus gallinarum,RR197057
Enterococcus faecalis,RR197057
Streptococcus equinus,RR197057
Streptococcus suis,RR197057
Streptococcus agalactiae,RR197057
Streptococcus dysgalactiae,RR197057
Streptococcus mitis,RR197057
Streptococcus oralis,RR197057
Streptococcus pyogenes,RR197057
Enterocytozoon bieneusi,RR197057
Campylobacter jejuni,RR197057
Campylobacter coli,RR197057
Clostridium perfringens,RR197057
Shigella sonnei,RR197057
Shigella flexneri,RR197057
Shigella dysenteriae,RR197057
Shigella boydii,RR197057
Clostridioides difficile,RR197057
Salmonella enterica,RR197057
Porphyromonas gingivalis,RR197057
Klebsiella pneumoniae,RR197057
Klebsiella oxytoca,RR197057
Achromobacter xylosoxidans,RR197057
Tannerella forsythia,RR197057
Pseudomonas aeruginosa,RR197057
Clostridium perfringens,RR197058
Clostridium botulinum,RR197058
Clostridium septicum,RR197058
Clostridium tetani,RR197058
Bacillus cereus,RR197058
Trichomonas vaginalis,RR197058
Clostridioides difficile,RR197058
Fusobacterium nucleatum,RR197058
Paraclostridium bifermentans,RR197058
Streptococcus suis,RR197058
Streptococcus pneumoniae,RR197058
Streptobacillus moniliformis,RR197058
Staphylococcus aureus,RR197058
Enterococcus faecium,RR197058
Enterococcus faecalis,RR197058
Parvimonas micra,RR197058
Campylobacter jejuni,RR197058
Prevotella intermedia,RR197058
Human mastadenovirus B,RR197058
Klebsiella pneumoniae,RR197058
Escherichia coli,RR197058
Escherichia coli,RR197059
Streptococcus oralis,RR197059
Streptococcus pneumoniae,RR197059
Streptococcus mitis,RR197059
Streptococcus anginosus,RR197059
Streptococcus suis,RR197059
Streptococcus pyogenes,RR197059
Streptococcus agalactiae,RR197059
Clostridioides difficile,RR197059
Clostridium perfringens,RR197059
Clostridium botulinum,RR197059
Prevotella intermedia,RR197059
Campylobacter jejuni,RR197059
Haemophilus parainfluenzae,RR197059
Enterococcus faecium,RR197059
Shigella sonnei,RR197059
Shigella flexneri,RR197059
Shigella dysenteriae,RR197059
Salmonella enterica,RR197059
Klebsiella pneumoniae,RR197059
Staphylococcus aureus,RR197059
Prevotella melaninogenica,RR197060
Prevotella intermedia,RR197060
Clostridium botulinum,RR197060
Clostridium perfringens,RR197060
Streptococcus gordonii,RR197060
Streptococcus suis,RR197060
Streptococcus oralis,RR197060
Streptococcus agalactiae,RR197060
Streptococcus sanguinis,RR197060
Streptococcus equinus,RR197060
Streptococcus pyogenes,RR197060
Blastocystis hominis,RR197060
Clostridioides difficile,RR197060
Fusobacterium nucleatum,RR197060
Tannerella forsythia,RR197060
Haemophilus parainfluenzae,RR197060
Porphyromonas gingivalis,RR197060
Shewanella algae,RR197060
Enterococcus faecium,RR197060
Enterococcus faecalis,RR197060
Paraclostridium bifermentans,RR197060
Citrobacter freundii,RR197060
Serratia marcescens,RR197060
Klebsiella pneumoniae,RR197060
Elizabethkingia anophelis,RR197060
Finegoldia magna,RR197060
Escherichia coli,RR197060
Staphylococcus aureus,RR197060
Salmonella enterica,RR197060
Stenotrophomonas maltophilia,RR197060
Prevotella intermedia,RR197061
Prevotella melaninogenica,RR197061
Escherichia coli,RR197061
Klebsiella pneumoniae,RR197061
Klebsiella aerogenes,RR197061
Klebsiella oxytoca,RR197061
Clostridium botulinum,RR197061
Clostridium perfringens,RR197061
Clostridioides difficile,RR197061
Haemophilus parainfluenzae,RR197061
Salmonella enterica,RR197061
Enterobacter cloacae,RR197061
Streptococcus suis,RR197061
Streptococcus agalactiae,RR197061
Streptococcus pneumoniae,RR197061
Streptococcus gordonii,RR197061
Streptococcus anginosus,RR197061
Streptococcus equi,RR197061
Streptococcus equinus,RR197061
Ureaplasma parvum,RR197061
Ureaplasma urealyticum,RR197061
Citrobacter freundii,RR197061
Enterococcus faecium,RR197061
Enterococcus faecalis,RR197061
Fusobacterium nucleatum,RR197061
Mycoplasma penetrans,RR197061
Campylobacter jejuni,RR197061
Campylobacter coli,RR197061
Giardia intestinalis,RR197061
Paraclostridium bifermentans,RR197061
Shigella sonnei,RR197061
Shigella flexneri,RR197061
Shigella boydii,RR197061
Shigella dysenteriae,RR197061
Tannerella forsythia,RR197061
Cronobacter sakazakii,RR197061
Erysipelothrix rhusiopathiae,RR197061
Elizabethkingia anophelis,RR197061
Staphylococcus aureus,RR197061
Prevotella melaninogenica,RR197062
Prevotella intermedia,RR197062
Streptococcus suis,RR197062
Streptococcus pneumoniae,RR197062
Streptococcus agalactiae,RR197062
Streptococcus mutans,RR197062
Streptococcus equinus,RR197062
Streptococcus pyogenes,RR197062
Clostridium perfringens,RR197062
Clostridium botulinum,RR197062
Clostridioides difficile,RR197062
Blastocystis hominis,RR197062
Enterococcus faecium,RR197062
Enterococcus faecalis,RR197062
Porphyromonas gingivalis,RR197062
Haemophilus parainfluenzae,RR197062
Campylobacter jejuni,RR197062
Campylobacter coli,RR197062
Fusobacterium nucleatum,RR197062
Escherichia coli,RR197062
Escherichia coli,RR197063
Enterococcus faecium,RR197063
Enterococcus avium,RR197063
Enterococcus gallinarum,RR197063
Enterococcus faecalis,RR197063
Shigella sonnei,RR197063
Shigella dysenteriae,RR197063
Shigella flexneri,RR197063
Shigella boydii,RR197063
Klebsiella pneumoniae,RR197063
Salmonella enterica,RR197063
Pseudomonas aeruginosa,RR197063
Clostridioides difficile,RR197063
Campylobacter jejuni,RR197063
Finegoldia magna,RR197063
Streptococcus pneumoniae,RR197063
Streptococcus suis,RR197063
Streptococcus agalactiae,RR197063
Streptococcus mitis,RR197063
Streptococcus dysgalactiae,RR197063
Streptococcus pyogenes,RR197063
Proteus mirabilis,RR197063
Morganella morganii,RR197063
Citrobacter freundii,RR197063
Haemophilus influenzae,RR197063
Staphylococcus aureus,RR197063
Prevotella melaninogenica,RR197064
Prevotella intermedia,RR197064
Escherichia coli,RR197064
Streptococcus equinus,RR197064
Streptococcus pneumoniae,RR197064
Streptococcus gordonii,RR197064
Streptococcus sanguinis,RR197064
Streptococcus pyogenes,RR197064
Streptococcus agalactiae,RR197064
Streptococcus oralis,RR197064
Streptococcus mitis,RR197064
Streptococcus mutans,RR197064
Streptococcus equi,RR197064
Campylobacter jejuni,RR197064
Haemophilus parainfluenzae,RR197064
Haemophilus influenzae,RR197064
Clostridioides difficile,RR197064
Enterococcus faecium,RR197064
Enterococcus avium,RR197064
Enterococcus faecalis,RR197064
Shigella sonnei,RR197064
Shigella boydii,RR197064
Shigella dysenteriae,RR197064
Shigella flexneri,RR197064
Salmonella enterica,RR197064
Citrobacter freundii,RR197064
Tannerella forsythia,RR197064
Klebsiella pneumoniae,RR197064
Fusobacterium nucleatum,RR197064
Staphylococcus epidermidis,RR197064
Prevotella intermedia,RR197065
Prevotella melaninogenica,RR197065
Clostridium botulinum,RR197065
Clostridium perfringens,RR197065
Clostridium tetani,RR197065
Clostridioides difficile,RR197065
Paraclostridium bifermentans,RR197065
Streptococcus suis,RR197065
Streptococcus agalactiae,RR197065
Streptococcus equinus,RR197065
Porphyromonas gingivalis,RR197065
Campylobacter jejuni,RR197065
Tannerella forsythia,RR197065
Haemophilus parainfluenzae,RR197065
Enterococcus faecium,RR197065
Enterococcus faecalis,RR197065
Finegoldia magna,RR197065
Escherichia coli,RR197065
Klebsiella pneumoniae,RR197065
Prevotella intermedia,RR197067
Clostridium perfringens,RR197067
Clostridium botulinum,RR197067
Streptococcus suis,RR197067
Streptococcus agalactiae,RR197067
Streptococcus oralis,RR197067
Streptococcus equinus,RR197067
Clostridioides difficile,RR197067
Paraclostridium bifermentans,RR197067
Escherichia coli,RR197067
Haemophilus parainfluenzae,RR197067
Enterococcus faecium,RR197067
Campylobacter coli,RR197067
Bacillus cereus,RR197067
Salmonella enterica,RR197067
Prevotella intermedia,RR197068
Prevotella melaninogenica,RR197068
Brachyspira hyodysenteriae,RR197068
Klebsiella pneumoniae,RR197068
Streptococcus pneumoniae,RR197068
Streptococcus mitis,RR197068
Streptococcus suis,RR197068
Streptococcus equinus,RR197068
Streptococcus oralis,RR197068
Campylobacter jejuni,RR197068
Campylobacter coli,RR197068
Campylobacter lari,RR197068
Escherichia coli,RR197068
Haemophilus parainfluenzae,RR197068
Enterobacter cloacae,RR197068
Clostridioides difficile,RR197068
Enterococcus faecium,RR197068
Helicobacter pylori,RR197068
Salmonella enterica,RR197068
Shigella sonnei,RR197068
Shigella flexneri,RR197068
Prevotella intermedia,RR197069
Prevotella melaninogenica,RR197069
Fusobacterium nucleatum,RR197069
Clostridium perfringens,RR197069
Clostridium botulinum,RR197069
Clostridium septicum,RR197069
Clostridioides difficile,RR197069
Trichomonas vaginalis,RR197069
Streptococcus suis,RR197069
Streptococcus pneumoniae,RR197069
Streptococcus pyogenes,RR197069
Enterococcus faecium,RR197069
Enterococcus faecalis,RR197069
Dientamoeba fragilis,RR197069
Paraclostridium bifermentans,RR197069
Haemophilus parainfluenzae,RR197069
Porphyromonas gingivalis,RR197069
Mycoplasma hominis,RR197069
Tannerella forsythia,RR197069
Klebsiella pneumoniae,RR197069
Escherichia coli,RR197069
Salmonella enterica,RR197069
Prevotella intermedia,RR197070
Prevotella melaninogenica,RR197070
Clostridium perfringens,RR197070
Clostridium botulinum,RR197070
Clostridioides difficile,RR197070
Streptococcus suis,RR197070
Streptococcus equi,RR197070
Streptococcus agalactiae,RR197070
Streptococcus anginosus,RR197070
Streptococcus equinus,RR197070
Blastocystis hominis,RR197070
Enterococcus faecium,RR197070
Enterococcus faecalis,RR197070
Campylobacter coli,RR197070
Porphyromonas gingivalis,RR197070
Erysipelothrix rhusiopathiae,RR197070
Tannerella forsythia,RR197070
Proteus mirabilis,RR197070
Finegoldia magna,RR197070
Escherichia coli,RR197070
Acinetobacter baumannii,RR197070
Salmonella enterica,RR197070
Prevotella intermedia,RR197071
Prevotella melaninogenica,RR197071
Clostridium perfringens,RR197071
Clostridium botulinum,RR197071
Clostridium septicum,RR197071
Clostridium tetani,RR197071
Blastocystis hominis,RR197071
Clostridioides difficile,RR197071
Porphyromonas gingivalis,RR197071
Streptococcus equinus,RR197071
Streptococcus suis,RR197071
Streptococcus agalactiae,RR197071
Paraclostridium bifermentans,RR197071
Haemophilus parainfluenzae,RR197071
Enterococcus faecium,RR197071
Enterococcus faecalis,RR197071
Campylobacter coli,RR197071
Escherichia coli,RR197071
Prevotella intermedia,RR197072
Prevotella melaninogenica,RR197072
Clostridium botulinum,RR197072
Clostridium perfringens,RR197072
Campylobacter jejuni,RR197072
Campylobacter coli,RR197072
Campylobacter lari,RR197072
Campylobacter fetus,RR197072
Campylobacter curvus,RR197072
Clostridioides difficile,RR197072
Blastocystis hominis,RR197072
Streptococcus suis,RR197072
Streptococcus equinus,RR197072
Streptococcus agalactiae,RR197072
Streptococcus pneumoniae,RR197072
Streptococcus pyogenes,RR197072
Helicobacter pylori,RR197072
Anaerococcus prevotii,RR197072
Fusobacterium nucleatum,RR197072
Porphyromonas gingivalis,RR197072
Enterococcus faecium,RR197072
Enterococcus faecalis,RR197072
Paraclostridium bifermentans,RR197072
Finegoldia magna,RR197072
Parvimonas micra,RR197072
Listeria monocytogenes,RR197072
Haemophilus parainfluenzae,RR197072
Elizabethkingia anophelis,RR197072
Staphylococcus aureus,RR197072
Klebsiella oxytoca,RR197072
Klebsiella pneumoniae,RR197072
Salmonella enterica,RR197072
Escherichia coli,RR197072
Streptococcus equinus,RR197073
Streptococcus mitis,RR197073
Streptococcus pneumoniae,RR197073
Streptococcus dysgalactiae,RR197073
Streptococcus pyogenes,RR197073
Streptococcus oralis,RR197073
Streptococcus gordonii,RR197073
Streptococcus suis,RR197073
Streptococcus agalactiae,RR197073
Streptococcus sanguinis,RR197073
Streptococcus anginosus,RR197073
Streptococcus mutans,RR197073
Streptococcus equi,RR197073
Escherichia coli,RR197073
Prevotella intermedia,RR197073
Prevotella melaninogenica,RR197073
Haemophilus parainfluenzae,RR197073
Haemophilus influenzae,RR197073
Clostridium botulinum,RR197073
Clostridium perfringens,RR197073
Clostridioides difficile,RR197073
Enterococcus faecium,RR197073
Enterococcus avium,RR197073
Campylobacter jejuni,RR197073
Shigella sonnei,RR197073
Shigella dysenteriae,RR197073
Shigella flexneri,RR197073
Shigella boydii,RR197073
Porphyromonas gingivalis,RR197073
Citrobacter freundii,RR197073
Bacillus cereus,RR197073
Gardnerella vaginalis,RR197073
Klebsiella pneumoniae,RR197073
Prevotella melaninogenica,RR197074
Prevotella intermedia,RR197074
Clostridium perfringens,RR197074
Clostridium botulinum,RR197074
Clostridium tetani,RR197074
Clostridioides difficile,RR197074
Streptococcus mutans,RR197074
Streptococcus suis,RR197074
Streptococcus agalactiae,RR197074
Streptococcus oralis,RR197074
Streptococcus anginosus,RR197074
Streptococcus mitis,RR197074
Streptococcus equinus,RR197074
Campylobacter jejuni,RR197074
Paraclostridium bifermentans,RR197074
Klebsiella pneumoniae,RR197074
Fusobacterium nucleatum,RR197074
Enterococcus faecium,RR197074
Enterococcus faecalis,RR197074
Aeromonas veronii,RR197074
Aeromonas hydrophila,RR197074
Haemophilus parainfluenzae,RR197074
Porphyromonas gingivalis,RR197074
Proteus mirabilis,RR197074
Parvimonas micra,RR197074
Bacillus cereus,RR197074
Finegoldia magna,RR197074
Staphylococcus aureus,RR197074
Escherichia coli,RR197074
Escherichia coli,RR197075
Enterococcus faecium,RR197075
Enterococcus faecalis,RR197075
Prevotella melaninogenica,RR197075
Prevotella intermedia,RR197075
Streptococcus oralis,RR197075
Streptococcus mitis,RR197075
Streptococcus pneumoniae,RR197075
Shigella sonnei,RR197075
Shigella dysenteriae,RR197075
Shigella flexneri,RR197075
Shigella boydii,RR197075
Salmonella enterica,RR197075
Giardia intestinalis,RR197075
Tannerella forsythia,RR197075
Clostridium botulinum,RR197075
Porphyromonas gingivalis,RR197075
Klebsiella pneumoniae,RR197075
Clostridioides difficile,RR197075
Escherichia coli,RR197076
Enterococcus faecium,RR197076
Enterococcus faecalis,RR197076
Klebsiella pneumoniae,RR197076
Shigella sonnei,RR197076
Shigella dysenteriae,RR197076
Shigella flexneri,RR197076
Shigella boydii,RR197076
Salmonella enterica,RR197076
Streptococcus mitis,RR197076
Streptococcus pneumoniae,RR197076
Streptococcus oralis,RR197076
Candida albicans,RR197076
Staphylococcus aureus,RR197076
Prevotella intermedia,RR197077
Prevotella melaninogenica,RR197077
Clostridium perfringens,RR197077
Clostridium botulinum,RR197077
Brachyspira hyodysenteriae,RR197077
Clostridioides difficile,RR197077
Blastocystis hominis,RR197077
Streptococcus suis,RR197077
Streptococcus agalactiae,RR197077
Streptococcus pyogenes,RR197077
Streptococcus equi,RR197077
Streptococcus pneumoniae,RR197077
Streptococcus equinus,RR197077
Enterococcus faecium,RR197077
Enterococcus faecalis,RR197077
Porphyromonas gingivalis,RR197077
Paraclostridium bifermentans,RR197077
Bacillus cereus,RR197077
Bacillus licheniformis,RR197077
Tannerella forsythia,RR197077
Listeria monocytogenes,RR197077
Haemophilus parainfluenzae,RR197077
Fusobacterium nucleatum,RR197077
Stenotrophomonas maltophilia,RR197077
Klebsiella oxytoca,RR197077
Finegoldia magna,RR197077
Escherichia coli,RR197077
Prevotella intermedia,RR197078
Prevotella melaninogenica,RR197078
Blastocystis hominis,RR197078
Clostridium botulinum,RR197078
Clostridium perfringens,RR197078
Clostridioides difficile,RR197078
Trichomonas vaginalis,RR197078
Streptococcus suis,RR197078
Streptococcus agalactiae,RR197078
Streptococcus pneumoniae,RR197078
Streptococcus gordonii,RR197078
Streptococcus pyogenes,RR197078
Streptococcus equinus,RR197078
Enterococcus faecium,RR197078
Enterococcus faecalis,RR197078
Campylobacter jejuni,RR197078
Entamoeba histolytica,RR197078
Porphyromonas gingivalis,RR197078
Paraclostridium bifermentans,RR197078
Bacillus cereus,RR197078
Erysipelothrix rhusiopathiae,RR197078
Finegoldia magna,RR197078
Klebsiella pneumoniae,RR197078
Escherichia coli,RR197078
Salmonella enterica,RR197078
Prevotella intermedia,RR197079
Prevotella melaninogenica,RR197079
Clostridium perfringens,RR197079
Clostridium botulinum,RR197079
Clostridium tetani,RR197079
Streptococcus suis,RR197079
Streptococcus agalactiae,RR197079
Streptococcus equinus,RR197079
Streptococcus pyogenes,RR197079
Clostridioides difficile,RR197079
Haemophilus parainfluenzae,RR197079
Porphyromonas gingivalis,RR197079
Paraclostridium bifermentans,RR197079
Enterococcus faecium,RR197079
Enterococcus faecalis,RR197079
Campylobacter jejuni,RR197079
Tannerella forsythia,RR197079
Bacillus cereus,RR197079
Human mastadenovirus C,RR197079
Klebsiella pneumoniae,RR197079
Escherichia coli,RR197079
Escherichia coli,RR197080
Prevotella intermedia,RR197080
Haemophilus parainfluenzae,RR197080
Haemophilus influenzae,RR197080
Clostridium botulinum,RR197080
Clostridium perfringens,RR197080
Shigella sonnei,RR197080
Shigella dysenteriae,RR197080
Shigella flexneri,RR197080
Shigella boydii,RR197080
Salmonella enterica,RR197080
Giardia intestinalis,RR197080
Clostridioides difficile,RR197080
Aggregatibacter aphrophilus,RR197080
Streptococcus pneumoniae,RR197080
Streptococcus equinus,RR197080
Streptococcus agalactiae,RR197080
Streptococcus mitis,RR197080
Klebsiella pneumoniae,RR197080
Enterococcus faecium,RR197080
Enterococcus faecalis,RR197080
Escherichia coli,RR197081
Salmonella enterica,RR197081
Shigella sonnei,RR197081
Citrobacter freundii,RR197081
Klebsiella pneumoniae,RR197081
Clostridioides difficile,RR197081
Prevotella intermedia,RR197082
Escherichia coli,RR197082
Clostridium botulinum,RR197082
Streptococcus suis,RR197082
Streptococcus oralis,RR197082
Streptococcus sanguinis,RR197082
Streptococcus agalactiae,RR197082
Clostridioides difficile,RR197082
Klebsiella pneumoniae,RR197082
Campylobacter jejuni,RR197082
Campylobacter coli,RR197082
Enterobacter cloacae,RR197082
Enterococcus avium,RR197082
Enterococcus faecalis,RR197082
Enterococcus faecium,RR197082
Candida albicans,RR197082
Gardnerella vaginalis,RR197082
Salmonella enterica,RR197082
Haemophilus parainfluenzae,RR197082
Shigella sonnei,RR197082
Shigella dysenteriae,RR197082
Shigella boydii,RR197082
Shigella flexneri,RR197082
Morganella morganii,RR197082
Citrobacter freundii,RR197082
Pseudomonas aeruginosa,RR197082
Prevotella intermedia,RR197083
Escherichia coli,RR197083
Enterococcus faecium,RR197083
Enterococcus faecalis,RR197083
Streptococcus gordonii,RR197083
Streptococcus suis,RR197083
Candida albicans,RR197083
Clostridioides difficile,RR197083
Salmonella enterica,RR197083
Klebsiella pneumoniae,RR197083
Shigella sonnei,RR197083
Shigella flexneri,RR197083
Clostridium perfringens,RR197084
Clostridium botulinum,RR197084
Clostridium septicum,RR197084
Clostridium tetani,RR197084
Campylobacter jejuni,RR197084
Campylobacter fetus,RR197084
Campylobacter coli,RR197084
Prevotella intermedia,RR197084
Prevotella melaninogenica,RR197084
Escherichia coli,RR197084
Fusobacterium nucleatum,RR197084
Clostridioides difficile,RR197084
Blastocystis hominis,RR197084
Salmonella enterica,RR197084
Porphyromonas gingivalis,RR197084
Enterococcus faecium,RR197084
Enterococcus faecalis,RR197084
Tannerella forsythia,RR197084
Streptococcus suis,RR197084
Streptococcus equi,RR197084
Streptococcus agalactiae,RR197084
Streptococcus anginosus,RR197084
Bacillus cereus,RR197084
Shigella sonnei,RR197084
Shigella dysenteriae,RR197084
Shigella flexneri,RR197084
Paraclostridium bifermentans,RR197084
Pasteurella multocida,RR197084
Haemophilus parainfluenzae,RR197084
Pseudomonas aeruginosa,RR197084
Finegoldia magna,RR197084
Staphylococcus aureus,RR197084
Klebsiella oxytoca,RR197084
Klebsiella pneumoniae,RR197084
Prevotella intermedia,RR197085
Prevotella melaninogenica,RR197085
Escherichia coli,RR197085
Klebsiella pneumoniae,RR197085
Klebsiella aerogenes,RR197085
Klebsiella oxytoca,RR197085
Enterococcus avium,RR197085
Enterococcus faecium,RR197085
Enterococcus gallinarum,RR197085
Salmonella enterica,RR197085
Clostridioides difficile,RR197085
Clostridium botulinum,RR197085
Shigella sonnei,RR197085
Shigella dysenteriae,RR197085
Shigella flexneri,RR197085
Shigella boydii,RR197085
Morganella morganii,RR197085
Streptococcus suis,RR197085
Streptococcus pyogenes,RR197085
Citrobacter freundii,RR197085
Enterobacter cloacae,RR197085
Pseudomonas aeruginosa,RR197085
Prevotella intermedia,RR197086
Prevotella melaninogenica,RR197086
Escherichia coli,RR197086
Clostridium botulinum,RR197086
Clostridium perfringens,RR197086
Clostridioides difficile,RR197086
Fusobacterium nucleatum,RR197086
Enterococcus faecalis,RR197086
Enterococcus faecium,RR197086
Streptococcus suis,RR197086
Streptococcus agalactiae,RR197086
Klebsiella pneumoniae,RR197086
Salmonella enterica,RR197086
Bacillus cereus,RR197086
Shigella sonnei,RR197086
Shigella flexneri,RR197086
Erysipelothrix rhusiopathiae,RR197086
Gardnerella vaginalis,RR197086
Helicobacter pylori,RR197086
Finegoldia magna,RR197086
Staphylococcus aureus,RR197086
Stenotrophomonas maltophilia,RR197086
Prevotella intermedia,RR197087
Prevotella melaninogenica,RR197087
Clostridium perfringens,RR197087
Clostridium septicum,RR197087
Clostridium botulinum,RR197087
Clostridium tetani,RR197087
Paraclostridium bifermentans,RR197087
Clostridioides difficile,RR197087
Streptococcus suis,RR197087
Campylobacter jejuni,RR197087
Enterococcus faecium,RR197087
Haemophilus parainfluenzae,RR197087
Pseudomonas aeruginosa,RR197087
Escherichia coli,RR197087
Klebsiella pneumoniae,RR197087
Prevotella intermedia,RR197088
Prevotella melaninogenica,RR197088
Escherichia coli,RR197088
Streptococcus agalactiae,RR197088
Streptococcus suis,RR197088
Streptococcus pneumoniae,RR197088
Streptococcus equinus,RR197088
Streptococcus sanguinis,RR197088
Streptococcus mitis,RR197088
Streptococcus anginosus,RR197088
Streptococcus gordonii,RR197088
Clostridium perfringens,RR197088
Clostridium botulinum,RR197088
Clostridioides difficile,RR197088
Campylobacter jejuni,RR197088
Enterococcus faecium,RR197088
Enterococcus faecalis,RR197088
Haemophilus parainfluenzae,RR197088
Haemophilus influenzae,RR197088
Shigella sonnei,RR197088
Shigella dysenteriae,RR197088
Shigella flexneri,RR197088
Shigella boydii,RR197088
Bacillus cereus,RR197088
Salmonella enterica,RR197088
Porphyromonas gingivalis,RR197088
Parvimonas micra,RR197088
Paraclostridium bifermentans,RR197088
Tannerella forsythia,RR197088
Citrobacter freundii,RR197088
Finegoldia magna,RR197088
Staphylococcus aureus,RR197088
Klebsiella pneumoniae,RR197088
Prevotella intermedia,RR197090
Prevotella melaninogenica,RR197090
Prevotella bivia,RR197090
Streptococcus anginosus,RR197090
Streptococcus pneumoniae,RR197090
Streptococcus oralis,RR197090
Streptococcus suis,RR197090
Streptococcus sanguinis,RR197090
Streptococcus equinus,RR197090
Streptococcus mitis,RR197090
Streptococcus gordonii,RR197090
Streptococcus pyogenes,RR197090
Streptococcus agalactiae,RR197090
Streptococcus mutans,RR197090
Streptococcus equi,RR197090
Clostridium perfringens,RR197090
Clostridium botulinum,RR197090
Clostridioides difficile,RR197090
Escherichia coli,RR197090
Enterococcus faecium,RR197090
Enterococcus faecalis,RR197090
Porphyromonas gingivalis,RR197090
Haemophilus parainfluenzae,RR197090
Campylobacter jejuni,RR197090
Staphylococcus aureus,RR197090
Klebsiella pneumoniae,RR197091
Klebsiella oxytoca,RR197091
Klebsiella aerogenes,RR197091
Escherichia coli,RR197091
Streptococcus oralis,RR197091
Streptococcus gordonii,RR197091
Streptococcus mitis,RR197091
Streptococcus pneumoniae,RR197091
Streptococcus equinus,RR197091
Streptococcus anginosus,RR197091
Streptococcus mutans,RR197091
Streptococcus suis,RR197091
Streptococcus dysgalactiae,RR197091
Enterococcus faecium,RR197091
Enterococcus faecalis,RR197091
Enterococcus gallinarum,RR197091
Candida albicans,RR197091
Candida dubliniensis,RR197091
Salmonella enterica,RR197091
Shigella sonnei,RR197091
Shigella flexneri,RR197091
Shigella dysenteriae,RR197091
Shigella boydii,RR197091
Enterobacter cloacae,RR197091
Citrobacter freundii,RR197091
Aeromonas caviae,RR197091
Acinetobacter baumannii,RR197091
Serratia marcescens,RR197091
Bacillus cereus,RR197091
Listeria monocytogenes,RR197091
Pseudomonas aeruginosa,RR197091
Staphylococcus aureus,RR197091
Escherichia coli,RR197092
Shigella boydii,RR197092
Klebsiella pneumoniae,RR197092
Prevotella intermedia,RR197093
Prevotella melaninogenica,RR197093
Escherichia coli,RR197093
Streptococcus suis,RR197093
Streptococcus sanguinis,RR197093
Streptococcus pyogenes,RR197093
Streptococcus agalactiae,RR197093
Streptococcus equinus,RR197093
Clostridioides difficile,RR197093
Clostridium botulinum,RR197093
Clostridium perfringens,RR197093
Shigella sonnei,RR197093
Shigella dysenteriae,RR197093
Shigella flexneri,RR197093
Shigella boydii,RR197093
Salmonella enterica,RR197093
Haemophilus parainfluenzae,RR197093
Enterococcus faecium,RR197093
Enterococcus faecalis,RR197093
Citrobacter freundii,RR197093
Klebsiella pneumoniae,RR197093
Campylobacter jejuni,RR197093
Campylobacter coli,RR197093
Aeromonas veronii,RR197093
Finegoldia magna,RR197093
Tannerella forsythia,RR197093
Pseudomonas aeruginosa,RR197093
Prevotella intermedia,RR197094
Prevotella melaninogenica,RR197094
Clostridium botulinum,RR197094
Clostridium perfringens,RR197094
Clostridium tetani,RR197094
Streptococcus suis,RR197094
Streptococcus pneumoniae,RR197094
Streptococcus equinus,RR197094
Streptococcus agalactiae,RR197094
Streptococcus oralis,RR197094
Streptococcus pyogenes,RR197094
Clostridioides difficile,RR197094
Haemophilus parainfluenzae,RR197094
Haemophilus influenzae,RR197094
Porphyromonas gingivalis,RR197094
Tannerella forsythia,RR197094
Schistosoma mansoni,RR197094
Enterococcus faecium,RR197094
Enterococcus faecalis,RR197094
Serratia marcescens,RR197094
Campylobacter coli,RR197094
Pasteurella multocida,RR197094
Aeromonas veronii,RR197094
Salmonella enterica,RR197094
Escherichia coli,RR197094
Prevotella intermedia,RR197095
Prevotella melaninogenica,RR197095
Clostridium perfringens,RR197095
Clostridium botulinum,RR197095
Clostridioides difficile,RR197095
Streptococcus suis,RR197095
Streptococcus pneumoniae,RR197095
Streptococcus mitis,RR197095
Streptococcus agalactiae,RR197095
Streptococcus anginosus,RR197095
Streptococcus equi,RR197095
Streptococcus pyogenes,RR197095
Enterococcus faecium,RR197095
Enterococcus faecalis,RR197095
Haemophilus parainfluenzae,RR197095
Haemophilus influenzae,RR197095
Porphyromonas gingivalis,RR197095
Campylobacter jejuni,RR197095
Campylobacter coli,RR197095
Finegoldia magna,RR197095
Staphylococcus aureus,RR197095
Escherichia coli,RR197095
Salmonella enterica,RR197095
Escherichia coli,RR197096
Prevotella intermedia,RR197096
Prevotella melaninogenica,RR197096
Enterococcus faecium,RR197096
Enterococcus faecalis,RR197096
Enterococcus avium,RR197096
Enterococcus gallinarum,RR197096
Salmonella enterica,RR197096
Shigella sonnei,RR197096
Shigella dysenteriae,RR197096
Shigella flexneri,RR197096
Shigella boydii,RR197096
Klebsiella pneumoniae,RR197096
Porphyromonas gingivalis,RR197096
Clostridioides difficile,RR197096
Streptococcus suis,RR197096
Tannerella forsythia,RR197096
Clostridium botulinum,RR197096
Saccharomyces cerevisiae,RR197096
Staphylococcus aureus,RR197096
Prevotella intermedia,RR197098
Prevotella melaninogenica,RR197098
Streptococcus equinus,RR197098
Clostridioides difficile,RR197098
Porphyromonas gingivalis,RR197098
Escherichia coli,RR197098
Clostridium botulinum,RR197099
Clostridium perfringens,RR197099
Clostridioides difficile,RR197099
Streptococcus suis,RR197099
Streptococcus sobrinus,RR197099
Streptococcus mutans,RR197099
Streptococcus agalactiae,RR197099
Streptococcus gordonii,RR197099
Enterococcus faecium,RR197099
Enterococcus faecalis,RR197099
Campylobacter jejuni,RR197099
Campylobacter fetus,RR197099
Listeria monocytogenes,RR197099
Paraclostridium bifermentans,RR197099
Klebsiella pneumoniae,RR197099
Escherichia coli,RR197099
Prevotella intermedia,RR197100
Prevotella melaninogenica,RR197100
Clostridium perfringens,RR197100
Clostridium botulinum,RR197100
Clostridium septicum,RR197100
Clostridium tetani,RR197100
Clostridioides difficile,RR197100
Haemophilus parainfluenzae,RR197100
Haemophilus influenzae,RR197100
Blastocystis hominis,RR197100
Streptococcus suis,RR197100
Streptococcus gordonii,RR197100
Streptococcus pyogenes,RR197100
Streptococcus pneumoniae,RR197100
Streptococcus agalactiae,RR197100
Streptococcus oralis,RR197100
Streptococcus equi,RR197100
Streptococcus anginosus,RR197100
Campylobacter jejuni,RR197100
Porphyromonas gingivalis,RR197100
Enterococcus faecium,RR197100
Enterococcus faecalis,RR197100
Escherichia coli,RR197100
Tannerella forsythia,RR197100
Bacillus cereus,RR197100
Paraclostridium bifermentans,RR197100
Acinetobacter baumannii,RR197100
Salmonella enterica,RR197100
Finegoldia magna,RR197100
Escherichia coli,RR197101
Streptococcus equinus,RR197101
Streptococcus agalactiae,RR197101
Streptococcus suis,RR197101
Streptococcus mutans,RR197101
Streptococcus dysgalactiae,RR197101
Streptococcus pyogenes,RR197101
Streptococcus equi,RR197101
Enterococcus faecium,RR197101
Enterococcus faecalis,RR197101
Enterococcus gallinarum,RR197101
Salmonella enterica,RR197101
Shigella sonnei,RR197101
Klebsiella pneumoniae,RR197101
Candida albicans,RR197101
Clostridioides difficile,RR197101
Staphylococcus aureus,RR197101
Prevotella melaninogenica,RR197102
Prevotella intermedia,RR197102
Streptococcus suis,RR197102
Streptococcus mutans,RR197102
Streptococcus equinus,RR197102
Streptococcus pneumoniae,RR197102
Streptococcus agalactiae,RR197102
Streptococcus oralis,RR197102
Streptococcus gordonii,RR197102
Streptococcus mitis,RR197102
Clostridium botulinum,RR197102
Clostridium perfringens,RR197102
Clostridioides difficile,RR197102
Porphyromonas gingivalis,RR197102
Escherichia coli,RR197102
Tannerella forsythia,RR197102
Paraclostridium bifermentans,RR197102
Enterococcus faecium,RR197102
Shigella sonnei,RR197102
Salmonella enterica,RR197102
Klebsiella pneumoniae,RR197102
Escherichia coli,RR197103
Clostridium perfringens,RR197103
Clostridioides difficile,RR197103
Prevotella intermedia,RR197103
Prevotella melaninogenica,RR197103
Shigella sonnei,RR197103
Shigella dysenteriae,RR197103
Shigella flexneri,RR197103
Shigella boydii,RR197103
Human mastadenovirus D,RR197103
Streptococcus pneumoniae,RR197103
Streptococcus suis,RR197103
Streptococcus agalactiae,RR197103
Streptococcus pyogenes,RR197103
Streptococcus dysgalactiae,RR197103
Streptococcus equi,RR197103
Salmonella enterica,RR197103
Finegoldia magna,RR197103
Tannerella forsythia,RR197103
Enterococcus faecium,RR197103
Enterococcus faecalis,RR197103
Klebsiella pneumoniae,RR197103
Elizabethkingia anophelis,RR197103
Serratia marcescens,RR197103
Candida albicans,RR197103
Fusobacterium nucleatum,RR197103
Staphylococcus aureus,RR197103
Prevotella intermedia,RR197104
Prevotella melaninogenica,RR197104
Escherichia coli,RR197104
Clostridium botulinum,RR197104
Clostridium perfringens,RR197104
Clostridioides difficile,RR197104
Pseudomonas aeruginosa,RR197104
Streptococcus suis,RR197104
Streptococcus agalactiae,RR197104
Streptococcus mutans,RR197104
Streptococcus gordonii,RR197104
Streptococcus dysgalactiae,RR197104
Streptococcus oralis,RR197104
Streptococcus equi,RR197104
Streptococcus pyogenes,RR197104
Fusobacterium nucleatum,RR197104
Enterococcus faecium,RR197104
Enterococcus faecalis,RR197104
Tannerella forsythia,RR197104
Campylobacter jejuni,RR197104
Campylobacter coli,RR197104
Campylobacter fetus,RR197104
Paraclostridium bifermentans,RR197104
Shigella sonnei,RR197104
Shigella dysenteriae,RR197104
Shigella flexneri,RR197104
Salmonella enterica,RR197104
Erysipelothrix rhusiopathiae,RR197104
Bacillus cereus,RR197104
Parvimonas micra,RR197104
Citrobacter freundii,RR197104
Klebsiella pneumoniae,RR197104
Staphylococcus aureus,RR197104
Escherichia coli,RR197105
Enterococcus faecium,RR197105
Enterococcus faecalis,RR197105
Streptococcus equinus,RR197105
Streptococcus pneumoniae,RR197105
Streptococcus suis,RR197105
Streptococcus agalactiae,RR197105
Streptococcus pyogenes,RR197105
Streptococcus anginosus,RR197105
Streptococcus mitis,RR197105
Streptococcus dysgalactiae,RR197105
Streptococcus gordonii,RR197105
Shigella sonnei,RR197105
Shigella dysenteriae,RR197105
Shigella flexneri,RR197105
Shigella boydii,RR197105
Clostridioides difficile,RR197105
Salmonella enterica,RR197105
Gardnerella vaginalis,RR197105
Campylobacter jejuni,RR197105
Candida albicans,RR197105
Providencia rettgeri,RR197105
Klebsiella pneumoniae,RR197105
Citrobacter freundii,RR197105
Prevotella intermedia,RR197105
Haemophilus parainfluenzae,RR197105
Tannerella forsythia,RR197105
Klebsiella pneumoniae,RR197106
Klebsiella aerogenes,RR197106
Klebsiella oxytoca,RR197106
Prevotella intermedia,RR197106
Prevotella melaninogenica,RR197106
Clostridium perfringens,RR197106
Clostridium botulinum,RR197106
Escherichia coli,RR197106
Enterobacter cloacae,RR197106
Streptococcus suis,RR197106
Streptococcus gordonii,RR197106
Streptococcus anginosus,RR197106
Streptococcus sanguinis,RR197106
Streptococcus oralis,RR197106
Streptococcus agalactiae,RR197106
Streptococcus equinus,RR197106
Streptococcus pyogenes,RR197106
Clostridioides difficile,RR197106
Salmonella enterica,RR197106
Haemophilus parainfluenzae,RR197106
Haemophilus influenzae,RR197106
Citrobacter freundii,RR197106
Serratia marcescens,RR197106
Paraclostridium bifermentans,RR197106
Enterococcus faecium,RR197106
Enterococcus faecalis,RR197106
Parvimonas micra,RR197106
Porphyromonas gingivalis,RR197106
Tannerella forsythia,RR197106
Shigella flexneri,RR197106
Erysipelothrix rhusiopathiae,RR197106
Aeromonas veronii,RR197106
Pseudomonas aeruginosa,RR197106
Finegoldia magna,RR197106
Staphylococcus aureus,RR197106
Streptococcus suis,RR197108
Streptococcus equinus,RR197108
Streptococcus anginosus,RR197108
Streptococcus oralis,RR197108
Streptococcus pneumoniae,RR197108
Streptococcus agalactiae,RR197108
Streptococcus mitis,RR197108
Streptococcus gordonii,RR197108
Streptococcus mutans,RR197108
Streptococcus equi,RR197108
Streptococcus pyogenes,RR197108
Clostridium botulinum,RR197108
Clostridium perfringens,RR197108
Clostridium septicum,RR197108
Enterocytozoon bieneusi,RR197108
Clostridioides difficile,RR197108
Haemophilus parainfluenzae,RR197108
Enterococcus faecium,RR197108
Enterococcus faecalis,RR197108
Escherichia coli,RR197108
Porphyromonas gingivalis,RR197108
Paraclostridium bifermentans,RR197108
Fusobacterium nucleatum,RR197108
Staphylococcus aureus,RR197108
Klebsiella pneumoniae,RR197108
Prevotella intermedia,RR197109
Prevotella melaninogenica,RR197109
Clostridium botulinum,RR197109
Clostridium perfringens,RR197109
Clostridium tetani,RR197109
Clostridioides difficile,RR197109
Klebsiella pneumoniae,RR197109
Klebsiella oxytoca,RR197109
Blastocystis hominis,RR197109
Porphyromonas gingivalis,RR197109
Bacillus cereus,RR197109
Paraclostridium bifermentans,RR197109
Parvimonas micra,RR197109
Streptococcus suis,RR197109
Streptococcus agalactiae,RR197109
Streptococcus equi,RR197109
Enterococcus faecium,RR197109
Enterococcus faecalis,RR197109
Erysipelothrix rhusiopathiae,RR197109
Escherichia coli,RR197109
Staphylococcus aureus,RR197109
Pseudomonas aeruginosa,RR197109
Escherichia coli,RR197110
Enterococcus faecalis,RR197110
Enterococcus faecium,RR197110
Enterococcus avium,RR197110
Enterococcus gallinarum,RR197110
Klebsiella pneumoniae,RR197110
Shigella sonnei,RR197110
Shigella flexneri,RR197110
Shigella dysenteriae,RR197110
Shigella boydii,RR197110
Bacillus cereus,RR197110
Streptococcus pneumoniae,RR197110
Streptococcus agalactiae,RR197110
Streptococcus pyogenes,RR197110
Peptostreptococcus anaerobius,RR197110
Clostridioides difficile,RR197110
Listeria monocytogenes,RR197110
Staphylococcus aureus,RR197110
Escherichia coli,RR197112
Enterococcus faecium,RR197112
Enterococcus faecalis,RR197112
Enterococcus avium,RR197112
Klebsiella pneumoniae,RR197112
Salmonella enterica,RR197112
Shigella sonnei,RR197112
Shigella dysenteriae,RR197112
Shigella flexneri,RR197112
Shigella boydii,RR197112
Streptococcus pneumoniae,RR197112
Streptococcus equinus,RR197112
Streptococcus mitis,RR197112
Streptococcus agalactiae,RR197112
Streptococcus oralis,RR197112
Streptococcus mutans,RR197112
Streptococcus sanguinis,RR197112
Citrobacter freundii,RR197112
Enterobacter cloacae,RR197112
Candida albicans,RR197112
Morganella morganii,RR197112
Proteus mirabilis,RR197112
Acinetobacter baumannii,RR197112
Staphylococcus aureus,RR197112
Klebsiella pneumoniae,RR197113
Klebsiella aerogenes,RR197113
Klebsiella oxytoca,RR197113
Escherichia coli,RR197113
Salmonella enterica,RR197113
Citrobacter freundii,RR197113
Candida albicans,RR197113
Enterobacter cloacae,RR197113
Streptococcus mitis,RR197113
Streptococcus pneumoniae,RR197113
Streptococcus oralis,RR197113
Pseudomonas aeruginosa,RR197113
Shigella sonnei,RR197113
Shigella dysenteriae,RR197113
Shigella flexneri,RR197113
Shigella boydii,RR197113
Enterococcus faecium,RR197113
Staphylococcus haemolyticus,RR197113
Staphylococcus epidermidis,RR197113
Enterococcus faecium,RR197114
Enterococcus gallinarum,RR197114
Klebsiella pneumoniae,RR197114
Klebsiella aerogenes,RR197114
Klebsiella oxytoca,RR197114
Salmonella enterica,RR197114
Escherichia coli,RR197114
Enterobacter cloacae,RR197114
Ureaplasma urealyticum,RR197114
Ureaplasma parvum,RR197114
Staphylococcus aureus,RR197114
Clostridioides difficile,RR197115
Streptococcus pneumoniae,RR197115
Streptococcus suis,RR197115
Enterococcus faecalis,RR197115
Enterococcus faecium,RR197115
Staphylococcus pseudintermedius,RR197115
Staphylococcus aureus,RR197115
Prevotella intermedia,RR197116
Prevotella melaninogenica,RR197116
Clostridium botulinum,RR197116
Clostridium perfringens,RR197116
Clostridium tetani,RR197116
Clostridioides difficile,RR197116
Streptococcus suis,RR197116
Streptococcus agalactiae,RR197116
Streptococcus equi,RR197116
Porphyromonas gingivalis,RR197116
Enterococcus faecium,RR197116
Enterococcus faecalis,RR197116
Tannerella forsythia,RR197116
Klebsiella pneumoniae,RR197116
Escherichia coli,RR197116
Prevotella intermedia,RR197117
Clostridium perfringens,RR197117
Clostridium botulinum,RR197117
Clostridium tetani,RR197117
Streptococcus suis,RR197117
Streptococcus pneumoniae,RR197117
Streptococcus anginosus,RR197117
Streptococcus agalactiae,RR197117
Streptococcus oralis,RR197117
Streptococcus gordonii,RR197117
Streptococcus mitis,RR197117
Streptococcus equinus,RR197117
Streptococcus pyogenes,RR197117
Clostridioides difficile,RR197117
Escherichia coli,RR197117
Paraclostridium bifermentans,RR197117
Enterococcus faecium,RR197117
Enterococcus faecalis,RR197117
Parvimonas micra,RR197117
Porphyromonas gingivalis,RR197117
Tannerella forsythia,RR197117
Campylobacter jejuni,RR197117
Listeria monocytogenes,RR197117
Shigella sonnei,RR197117
Shigella flexneri,RR197117
Salmonella enterica,RR197117
Staphylococcus aureus,RR197117
Prevotella intermedia,RR197118
Prevotella melaninogenica,RR197118
Clostridium perfringens,RR197118
Clostridium botulinum,RR197118
Clostridium septicum,RR197118
Clostridium tetani,RR197118
Streptococcus suis,RR197118
Streptococcus oralis,RR197118
Streptococcus mitis,RR197118
Streptococcus sanguinis,RR197118
Streptococcus agalactiae,RR197118
Streptococcus equinus,RR197118
Streptococcus gordonii,RR197118
Streptococcus dysgalactiae,RR197118
Streptococcus equi,RR197118
Streptococcus anginosus,RR197118
Streptococcus pyogenes,RR197118
Klebsiella pneumoniae,RR197118
Klebsiella oxytoca,RR197118
Clostridioides difficile,RR197118
Escherichia coli,RR197118
Fusobacterium necrophorum,RR197118
Enterococcus faecium,RR197118
Enterococcus faecalis,RR197118
Parvimonas micra,RR197118
Salmonella enterica,RR197118
Paraclostridium bifermentans,RR197118
Haemophilus parainfluenzae,RR197118
Bacillus cereus,RR197118
Shigella flexneri,RR197118
Shigella dysenteriae,RR197118
Staphylococcus aureus,RR197118
Acinetobacter baumannii,RR197118
Prevotella melaninogenica,RR197119
Prevotella intermedia,RR197119
Streptococcus pneumoniae,RR197119
Streptococcus suis,RR197119
Streptococcus equinus,RR197119
Streptococcus mutans,RR197119
Streptococcus agalactiae,RR197119
Streptococcus oralis,RR197119
Streptococcus mitis,RR197119
Streptococcus gordonii,RR197119
Clostridium perfringens,RR197119
Clostridium botulinum,RR197119
Clostridioides difficile,RR197119
Haemophilus parainfluenzae,RR197119
Enterococcus faecium,RR197119
Paraclostridium bifermentans,RR197119
Porphyromonas gingivalis,RR197119
Tannerella forsythia,RR197119
Bacillus cereus,RR197119
Klebsiella pneumoniae,RR197119
Escherichia coli,RR197119
Staphylococcus aureus,RR197119
Salmonella enterica,RR197119
Stenotrophomonas maltophilia,RR197119
Haemophilus parainfluenzae,RR197120
Haemophilus influenzae,RR197120
Streptococcus gordonii,RR197120
Streptococcus pneumoniae,RR197120
Streptococcus equinus,RR197120
Streptococcus suis,RR197120
Streptococcus sanguinis,RR197120
Streptococcus pyogenes,RR197120
Streptococcus mitis,RR197120
Streptococcus oralis,RR197120
Streptococcus agalactiae,RR197120
Streptococcus anginosus,RR197120
Clostridioides difficile,RR197120
Prevotella intermedia,RR197120
Prevotella melaninogenica,RR197120
Clostridium perfringens,RR197120
Clostridium botulinum,RR197120
Escherichia coli,RR197120
Paraclostridium bifermentans,RR197120
Enterococcus faecium,RR197120
Enterococcus faecalis,RR197120
Fusobacterium nucleatum,RR197120
Enterobacter cloacae,RR197120
Klebsiella pneumoniae,RR197120
Aggregatibacter aphrophilus,RR197120
Aggregatibacter actinomycetemcomitans,RR197120
Shigella sonnei,RR197120
Staphylococcus aureus,RR197120
Escherichia coli,RR197121
Enterococcus faecium,RR197121
Enterococcus avium,RR197121
Enterococcus gallinarum,RR197121
Enterococcus faecalis,RR197121
Klebsiella pneumoniae,RR197121
Klebsiella aerogenes,RR197121
Klebsiella oxytoca,RR197121
Streptococcus mitis,RR197121
Streptococcus pneumoniae,RR197121
Streptococcus equinus,RR197121
Streptococcus oralis,RR197121
Streptococcus agalactiae,RR197121
Streptococcus gordonii,RR197121
Streptococcus suis,RR197121
Streptococcus mutans,RR197121
Streptococcus sanguinis,RR197121
Streptococcus anginosus,RR197121
Pseudomonas aeruginosa,RR197121
Enterobacter cloacae,RR197121
Enterocytozoon bieneusi,RR197121
Haemophilus parainfluenzae,RR197121
Haemophilus influenzae,RR197121
Salmonella enterica,RR197121
Shigella flexneri,RR197121
Shigella sonnei,RR197121
Shigella dysenteriae,RR197121
Shigella boydii,RR197121
Peptostreptococcus anaerobius,RR197121
Candida albicans,RR197121
Clostridioides difficile,RR197121
Finegoldia magna,RR197121
Staphylococcus aureus,RR197121
Streptococcus gordonii,RR197122
Streptococcus sanguinis,RR197122
Streptococcus oralis,RR197122
Streptococcus suis,RR197122
Streptococcus pneumoniae,RR197122
Streptococcus mitis,RR197122
Streptococcus pyogenes,RR197122
Streptococcus agalactiae,RR197122
Streptococcus equinus,RR197122
Streptococcus anginosus,RR197122
Streptococcus equi,RR197122
Prevotella melaninogenica,RR197122
Prevotella intermedia,RR197122
Enterococcus faecium,RR197122
Enterococcus faecalis,RR197122
Klebsiella pneumoniae,RR197122
Klebsiella oxytoca,RR197122
Klebsiella aerogenes,RR197122
Campylobacter jejuni,RR197122
Clostridium botulinum,RR197122
Clostridium perfringens,RR197122
Citrobacter freundii,RR197122
Clostridioides difficile,RR197122
Enterobacter cloacae,RR197122
Escherichia coli,RR197122
Salmonella enterica,RR197122
Finegoldia magna,RR197122
Shigella flexneri,RR197122
Staphylococcus epidermidis,RR197122
Staphylococcus aureus,RR197122
Prevotella intermedia,RR197123
Prevotella melaninogenica,RR197123
Escherichia coli,RR197123
Enterococcus faecium,RR197123
Enterococcus faecalis,RR197123
Clostridioides difficile,RR197123
Klebsiella pneumoniae,RR197123
Shigella sonnei,RR197123
Shigella dysenteriae,RR197123
Shigella flexneri,RR197123
Shigella boydii,RR197123
Salmonella enterica,RR197123
Candida albicans,RR197123
Streptococcus pneumoniae,RR197123
Streptococcus agalactiae,RR197123
Human mastadenovirus C,RR197123
Staphylococcus aureus,RR197123
Prevotella intermedia,RR197124
Clostridium perfringens,RR197124
Clostridium botulinum,RR197124
Clostridioides difficile,RR197124
Streptococcus suis,RR197124
Streptococcus pneumoniae,RR197124
Streptococcus oralis,RR197124
Streptococcus agalactiae,RR197124
Streptococcus pyogenes,RR197124
Enterococcus faecium,RR197124
Enterococcus faecalis,RR197124
Campylobacter jejuni,RR197124
Bacillus cereus,RR197124
Escherichia coli,RR197124
Prevotella intermedia,RR197125
Prevotella melaninogenica,RR197125
Clostridium perfringens,RR197125
Clostridium botulinum,RR197125
Clostridium septicum,RR197125
Clostridium tetani,RR197125
Streptococcus equinus,RR197125
Streptococcus mutans,RR197125
Streptococcus suis,RR197125
Streptococcus pyogenes,RR197125
Streptococcus agalactiae,RR197125
Streptococcus oralis,RR197125
Streptococcus pneumoniae,RR197125
Streptococcus anginosus,RR197125
Streptococcus dysgalactiae,RR197125
Clostridioides difficile,RR197125
Paraclostridium bifermentans,RR197125
Enterococcus faecium,RR197125
Enterococcus faecalis,RR197125
Porphyromonas gingivalis,RR197125
Gardnerella vaginalis,RR197125
Bacillus cereus,RR197125
Tannerella forsythia,RR197125
Campylobacter coli,RR197125
Campylobacter jejuni,RR197125
Fusobacterium nucleatum,RR197125
Listeria monocytogenes,RR197125
Parvimonas micra,RR197125
Erysipelothrix rhusiopathiae,RR197125
Mycobacterium tuberculosis,RR197125
Staphylococcus aureus,RR197125
Salmonella enterica,RR197125
Escherichia coli,RR197125
Klebsiella pneumoniae,RR197126
Klebsiella aerogenes,RR197126
Klebsiella oxytoca,RR197126
Citrobacter freundii,RR197126
Escherichia coli,RR197126
Enterococcus faecium,RR197126
Enterococcus gallinarum,RR197126
Enterococcus faecalis,RR197126
Enterococcus avium,RR197126
Salmonella enterica,RR197126
Streptococcus mitis,RR197126
Streptococcus pneumoniae,RR197126
Streptococcus equinus,RR197126
Streptococcus oralis,RR197126
Streptococcus agalactiae,RR197126
Streptococcus suis,RR197126
Streptococcus mutans,RR197126
Enterobacter cloacae,RR197126
Shigella flexneri,RR197126
Clostridioides difficile,RR197126
Aeromonas veronii,RR197126
Acinetobacter baumannii,RR197126
Serratia marcescens,RR197126
Staphylococcus aureus,RR197126
Streptococcus equinus,RR197127
Streptococcus mutans,RR197127
Streptococcus agalactiae,RR197127
Streptococcus suis,RR197127
Streptococcus pneumoniae,RR197127
Streptococcus gordonii,RR197127
Streptococcus oralis,RR197127
Streptococcus mitis,RR197127
Streptococcus sanguinis,RR197127
Streptococcus pyogenes,RR197127
Streptococcus equi,RR197127
Streptococcus dysgalactiae,RR197127
Enterococcus faecium,RR197127
Enterococcus faecalis,RR197127
Enterococcus avium,RR197127
Prevotella intermedia,RR197127
Prevotella melaninogenica,RR197127
Haemophilus parainfluenzae,RR197127
Haemophilus influenzae,RR197127
Campylobacter jejuni,RR197127
Campylobacter coli,RR197127
Clostridium perfringens,RR197127
Clostridium botulinum,RR197127
Clostridioides difficile,RR197127
Escherichia coli,RR197127
Fusobacterium nucleatum,RR197127
Paraclostridium bifermentans,RR197127
Shigella sonnei,RR197127
Salmonella enterica,RR197127
Erysipelothrix rhusiopathiae,RR197127
Finegoldia magna,RR197127
Staphylococcus aureus,RR197127
Klebsiella pneumoniae,RR197127
Acinetobacter baumannii,RR197127
Prevotella intermedia,RR197128
Prevotella melaninogenica,RR197128
Clostridium botulinum,RR197128
Clostridium perfringens,RR197128
Clostridioides difficile,RR197128
Streptococcus suis,RR197128
Streptococcus pneumoniae,RR197128
Streptococcus agalactiae,RR197128
Streptococcus anginosus,RR197128
Streptococcus pyogenes,RR197128
Porphyromonas gingivalis,RR197128
Enterococcus faecium,RR197128
Enterococcus faecalis,RR197128
Bacillus cereus,RR197128
Erysipelothrix rhusiopathiae,RR197128
Escherichia coli,RR197128
Klebsiella pneumoniae,RR197128
Streptococcus equinus,RR197129
Streptococcus suis,RR197129
Streptococcus anginosus,RR197129
Streptococcus pneumoniae,RR197129
Streptococcus mutans,RR197129
Streptococcus sobrinus,RR197129
Streptococcus sanguinis,RR197129
Streptococcus gordonii,RR197129
Streptococcus oralis,RR197129
Streptococcus mitis,RR197129
Streptococcus dysgalactiae,RR197129
Streptococcus equi,RR197129
Streptococcus pyogenes,RR197129
Streptococcus iniae,RR197129
Clostridium perfringens,RR197129
Clostridium botulinum,RR197129
Clostridioides difficile,RR197129
Human mastadenovirus D,RR197129
Klebsiella pneumoniae,RR197129
Klebsiella oxytoca,RR197129
Prevotella intermedia,RR197129
Prevotella melaninogenica,RR197129
Campylobacter jejuni,RR197129
Campylobacter coli,RR197129
Blastocystis hominis,RR197129
Enterococcus faecium,RR197129
Enterococcus faecalis,RR197129
Elizabethkingia meningoseptica,RR197129
Tannerella forsythia,RR197129
Escherichia coli,RR197129
Paraclostridium bifermentans,RR197129
Bacillus cereus,RR197129
Porphyromonas gingivalis,RR197129
Shigella sonnei,RR197129
Fusobacterium nucleatum,RR197129
Escherichia coli,RR197130
Enterococcus faecium,RR197130
Enterococcus avium,RR197130
Enterococcus faecalis,RR197130
Enterococcus gallinarum,RR197130
Klebsiella pneumoniae,RR197130
Shigella flexneri,RR197130
Shigella dysenteriae,RR197130
Streptococcus oralis,RR197130
Streptococcus pneumoniae,RR197130
Streptococcus mitis,RR197130
Streptococcus sanguinis,RR197130
Streptococcus gordonii,RR197130
Salmonella enterica,RR197130
Clostridioides difficile,RR197130
Haemophilus parainfluenzae,RR197130
Staphylococcus aureus,RR197130
Prevotella intermedia,RR197131
Prevotella melaninogenica,RR197131
Escherichia coli,RR197131
Streptococcus gordonii,RR197131
Streptococcus equinus,RR197131
Streptococcus oralis,RR197131
Streptococcus pneumoniae,RR197131
Streptococcus suis,RR197131
Streptococcus mitis,RR197131
Streptococcus sanguinis,RR197131
Campylobacter jejuni,RR197131
Campylobacter coli,RR197131
Morganella morganii,RR197131
Klebsiella pneumoniae,RR197131
Enterococcus faecium,RR197131
Fusobacterium nucleatum,RR197131
Salmonella enterica,RR197131
Shigella sonnei,RR197131
Shigella dysenteriae,RR197131
Shigella boydii,RR197131
Shigella flexneri,RR197131
Enterobacter cloacae,RR197131
Clostridioides difficile,RR197131
Citrobacter freundii,RR197131
Porphyromonas gingivalis,RR197131
Tannerella forsythia,RR197131
Escherichia coli,RR197132
Prevotella melaninogenica,RR197132
Prevotella intermedia,RR197132
Streptococcus gordonii,RR197132
Streptococcus pneumoniae,RR197132
Streptococcus mitis,RR197132
Streptococcus oralis,RR197132
Streptococcus agalactiae,RR197132
Streptococcus suis,RR197132
Streptococcus equinus,RR197132
Enterocytozoon bieneusi,RR197132
Enterococcus faecium,RR197132
Enterococcus faecalis,RR197132
Clostridium botulinum,RR197132
Salmonella enterica,RR197132
Shigella sonnei,RR197132
Shigella dysenteriae,RR197132
Shigella flexneri,RR197132
Shigella boydii,RR197132
Clostridioides difficile,RR197132
Porphyromonas gingivalis,RR197132
Tannerella forsythia,RR197132
Serratia marcescens,RR197132
Klebsiella pneumoniae,RR197132
Pseudomonas aeruginosa,RR197132
Pseudomonas putida,RR197132
Stenotrophomonas maltophilia,RR197132
Prevotella intermedia,RR197133
Prevotella melaninogenica,RR197133
Clostridium perfringens,RR197133
Haemophilus parainfluenzae,RR197133
Haemophilus influenzae,RR197133
Klebsiella pneumoniae,RR197133
Klebsiella aerogenes,RR197133
Klebsiella oxytoca,RR197133
Streptococcus oralis,RR197133
Streptococcus agalactiae,RR197133
Streptococcus gordonii,RR197133
Streptococcus suis,RR197133
Streptococcus pneumoniae,RR197133
Streptococcus pyogenes,RR197133
Streptococcus sanguinis,RR197133
Streptococcus equinus,RR197133
Streptococcus anginosus,RR197133
Streptococcus mitis,RR197133
Enterobacter cloacae,RR197133
Citrobacter freundii,RR197133
Salmonella enterica,RR197133
Clostridioides difficile,RR197133
Escherichia coli,RR197133
Tannerella forsythia,RR197133
Porphyromonas gingivalis,RR197133
Ureaplasma urealyticum,RR197133
Ureaplasma parvum,RR197133
Campylobacter coli,RR197133
Serratia marcescens,RR197133
Aggregatibacter aphrophilus,RR197133
Pasteurella multocida,RR197133
Elizabethkingia meningoseptica,RR197133
Enterococcus faecium,RR197133
Enterococcus faecalis,RR197133
Shigella flexneri,RR197133
Acinetobacter baumannii,RR197133
Prevotella intermedia,RR197134
Prevotella melaninogenica,RR197134
Escherichia coli,RR197134
Clostridium perfringens,RR197134
Haemophilus parainfluenzae,RR197134
Haemophilus influenzae,RR197134
Streptococcus suis,RR197134
Streptococcus mutans,RR197134
Clostridioides difficile,RR197134
Tannerella forsythia,RR197134
Salmonella enterica,RR197134
Shigella flexneri,RR197134
Aggregatibacter aphrophilus,RR197134
Enterococcus faecium,RR197134
Enterococcus faecalis,RR197134
Klebsiella pneumoniae,RR197134
Staphylococcus aureus,RR197134
Prevotella melaninogenica,RR197135
Prevotella intermedia,RR197135
Clostridium botulinum,RR197135
Clostridium perfringens,RR197135
Porphyromonas gingivalis,RR197135
Streptococcus suis,RR197135
Streptococcus equinus,RR197135
Haemophilus parainfluenzae,RR197135
Haemophilus influenzae,RR197135
Clostridioides difficile,RR197135
Tannerella forsythia,RR197135
Achromobacter xylosoxidans,RR197135
Escherichia coli,RR197135
Pasteurella multocida,RR197135
Enterococcus faecium,RR197135
Klebsiella oxytoca,RR197135
Prevotella melaninogenica,RR197136
Prevotella intermedia,RR197136
Brachyspira hyodysenteriae,RR197136
Streptococcus suis,RR197136
Clostridium perfringens,RR197136
Campylobacter jejuni,RR197136
Campylobacter coli,RR197136
Tannerella forsythia,RR197136
Clostridioides difficile,RR197136
Porphyromonas gingivalis,RR197136
Enterococcus faecium,RR197136
Acinetobacter baumannii,RR197136
Escherichia coli,RR197136
Prevotella intermedia,RR197137
Prevotella melaninogenica,RR197137
Escherichia coli,RR197137
Enterococcus faecium,RR197137
Haemophilus parainfluenzae,RR197137
Shigella sonnei,RR197137
Shigella dysenteriae,RR197137
Shigella flexneri,RR197137
Shigella boydii,RR197137
Salmonella enterica,RR197137
Streptococcus mitis,RR197137
Streptococcus pneumoniae,RR197137
Streptococcus gordonii,RR197137
Streptococcus oralis,RR197137
Porphyromonas gingivalis,RR197137
Clostridioides difficile,RR197137
Ureaplasma urealyticum,RR197137
Campylobacter jejuni,RR197137
Klebsiella oxytoca,RR197137
Klebsiella pneumoniae,RR197137
Prevotella melaninogenica,RR197138
Prevotella intermedia,RR197138
Clostridium botulinum,RR197138
Clostridium perfringens,RR197138
Streptococcus suis,RR197138
Streptococcus agalactiae,RR197138
Streptococcus mitis,RR197138
Clostridioides difficile,RR197138
Blastocystis hominis,RR197138
Enterococcus faecium,RR197138
Enterococcus faecalis,RR197138
Haemophilus parainfluenzae,RR197138
Porphyromonas gingivalis,RR197138
Bacillus cereus,RR197138
Vibrio parahaemolyticus,RR197138
Campylobacter coli,RR197138
Escherichia coli,RR197138
Klebsiella pneumoniae,RR197138
Finegoldia magna,RR197138
Staphylococcus aureus,RR197138
Stenotrophomonas maltophilia,RR197138
Prevotella intermedia,RR197139
Clostridium perfringens,RR197139
Clostridium botulinum,RR197139
Blastocystis hominis,RR197139
Clostridioides difficile,RR197139
Streptococcus suis,RR197139
Streptococcus pneumoniae,RR197139
Porphyromonas gingivalis,RR197139
Tannerella forsythia,RR197139
Klebsiella pneumoniae,RR197139
Enterococcus faecium,RR197139
Enterococcus faecalis,RR197139
Haemophilus parainfluenzae,RR197139
Campylobacter coli,RR197139
Campylobacter jejuni,RR197139
Bacillus cereus,RR197139
Escherichia coli,RR197139
Fusobacterium nucleatum,RR197139
Salmonella enterica,RR197139
Acinetobacter baumannii,RR197139
Staphylococcus aureus,RR197139
Prevotella intermedia,RR197140
Clostridium perfringens,RR197140
Clostridium botulinum,RR197140
Clostridium tetani,RR197140
Streptococcus suis,RR197140
Streptococcus gordonii,RR197140
Streptococcus pneumoniae,RR197140
Streptococcus equinus,RR197140
Streptococcus dysgalactiae,RR197140
Streptococcus sanguinis,RR197140
Streptococcus agalactiae,RR197140
Streptococcus pyogenes,RR197140
Streptococcus oralis,RR197140
Streptococcus mutans,RR197140
Streptococcus mitis,RR197140
Clostridioides difficile,RR197140
Enterococcus faecium,RR197140
Enterococcus faecalis,RR197140
Paraclostridium bifermentans,RR197140
Fusobacterium nucleatum,RR197140
Bacillus cereus,RR197140
Haemophilus parainfluenzae,RR197140
Gardnerella vaginalis,RR197140
Erysipelothrix rhusiopathiae,RR197140
Anaerococcus prevotii,RR197140
Finegoldia magna,RR197140
Escherichia coli,RR197140
Vibrio parahaemolyticus,RR197140
Staphylococcus aureus,RR197140
Prevotella intermedia,RR197141
Prevotella melaninogenica,RR197141
Clostridium botulinum,RR197141
Clostridium perfringens,RR197141
Clostridioides difficile,RR197141
Streptococcus suis,RR197141
Streptococcus oralis,RR197141
Streptococcus agalactiae,RR197141
Streptococcus pneumoniae,RR197141
Campylobacter jejuni,RR197141
Campylobacter coli,RR197141
Campylobacter lari,RR197141
Enterococcus faecium,RR197141
Enterococcus faecalis,RR197141
Erysipelothrix rhusiopathiae,RR197141
Staphylococcus aureus,RR197141
Stenotrophomonas maltophilia,RR197141
Escherichia coli,RR197141
Streptococcus equinus,RR197142
Streptococcus pneumoniae,RR197142
Streptococcus suis,RR197142
Streptococcus mitis,RR197142
Streptococcus sanguinis,RR197142
Streptococcus agalactiae,RR197142
Streptococcus oralis,RR197142
Streptococcus mutans,RR197142
Streptococcus gordonii,RR197142
Streptococcus dysgalactiae,RR197142
Streptococcus pyogenes,RR197142
Streptococcus equi,RR197142
Clostridioides difficile,RR197142
Human mastadenovirus A,RR197142
Haemophilus parainfluenzae,RR197142
Haemophilus influenzae,RR197142
Enterococcus faecium,RR197142
Klebsiella pneumoniae,RR197142
Escherichia coli,RR197142
Staphylococcus aureus,RR197142
Escherichia coli,RR197143
Prevotella intermedia,RR197143
Clostridium perfringens,RR197143
Clostridium botulinum,RR197143
Streptococcus suis,RR197143
Streptococcus anginosus,RR197143
Streptococcus oralis,RR197143
Streptococcus pneumoniae,RR197143
Streptococcus sanguinis,RR197143
Streptococcus gordonii,RR197143
Streptococcus mitis,RR197143
Streptococcus agalactiae,RR197143
Streptococcus equinus,RR197143
Streptococcus pyogenes,RR197143
Streptococcus equi,RR197143
Clostridioides difficile,RR197143
Campylobacter jejuni,RR197143
Campylobacter coli,RR197143
Fusobacterium nucleatum,RR197143
Enterococcus faecium,RR197143
Enterococcus faecalis,RR197143
Salmonella enterica,RR197143
Paraclostridium bifermentans,RR197143
Porphyromonas gingivalis,RR197143
Shigella sonnei,RR197143
Shigella flexneri,RR197143
Shigella dysenteriae,RR197143
Bacillus cereus,RR197143
Finegoldia magna,RR197143
Klebsiella pneumoniae,RR197143
Staphylococcus aureus,RR197143
Pseudomonas aeruginosa,RR197143
Escherichia coli,RR197144
Fusobacterium nucleatum,RR197144
Fusobacterium necrophorum,RR197144
Streptococcus anginosus,RR197144
Streptococcus oralis,RR197144
Streptococcus gordonii,RR197144
Streptococcus pneumoniae,RR197144
Streptococcus mitis,RR197144
Streptococcus sanguinis,RR197144
Streptococcus equinus,RR197144
Streptococcus agalactiae,RR197144
Streptococcus suis,RR197144
Streptococcus mutans,RR197144
Streptococcus equi,RR197144
Streptococcus pyogenes,RR197144
Streptococcus sobrinus,RR197144
Streptococcus dysgalactiae,RR197144
Prevotella melaninogenica,RR197144
Prevotella intermedia,RR197144
Shigella sonnei,RR197144
Shigella flexneri,RR197144
Shigella dysenteriae,RR197144
Shigella boydii,RR197144
Peptostreptococcus anaerobius,RR197144
Aggregatibacter aphrophilus,RR197144
Aggregatibacter actinomycetemcomitans,RR197144
Enterocytozoon bieneusi,RR197144
Haemophilus parainfluenzae,RR197144
Haemophilus influenzae,RR197144
Bacillus cereus,RR197144
Salmonella enterica,RR197144
Clostridioides difficile,RR197144
Clostridium botulinum,RR197144
Campylobacter jejuni,RR197144
Klebsiella pneumoniae,RR197144
Citrobacter freundii,RR197144
Rothia dentocariosa,RR197144
Morganella morganii,RR197144
Finegoldia magna,RR197144
Porphyromonas gingivalis,RR197144
Parvimonas micra,RR197144
Enterococcus faecium,RR197144
Enterococcus avium,RR197144
Enterococcus faecalis,RR197144
Staphylococcus aureus,RR197144
Prevotella intermedia,RR197146
Prevotella melaninogenica,RR197146
Escherichia coli,RR197146
Enterococcus faecium,RR197146
Shigella sonnei,RR197146
Shigella flexneri,RR197146
Shigella dysenteriae,RR197146
Shigella boydii,RR197146
Salmonella enterica,RR197146
Klebsiella pneumoniae,RR197146
Klebsiella aerogenes,RR197146
Clostridioides difficile,RR197146
Streptococcus pyogenes,RR197146
Citrobacter freundii,RR197146
Enterobacter cloacae,RR197146
Corynebacterium striatum,RR197146
